<AdministrationConfiguration>
  <myBaseUrl>http://ecse00100ffd.epam.com:8085</myBaseUrl>
  <myUseGzipCompression>true</myUseGzipCompression>
  <myInstanceName>NWI-NGW Bamboo</myInstanceName>
  <deploymentExpiryEnabled>true</deploymentExpiryEnabled>
  <myBuildExpiryConfiguration>
    <myPeriod>days</myPeriod>
    <myDuration>0</myDuration>
    <buildsToKeep>5</buildsToKeep>
    <maxIgnoredLogSize>-1</maxIgnoredLogSize>
    <expiryTypeNothing>false</expiryTypeNothing>
    <expiryTypeResult>false</expiryTypeResult>
    <expiryTypeArtifact>true</expiryTypeArtifact>
    <expiryTypeBuildLog>true</expiryTypeBuildLog>
    <labelsToKeep></labelsToKeep>
    <cronExpression>0 0 0 ? * *</cronExpression>
    <enabled>true</enabled>
  </myBuildExpiryConfiguration>
  <deploymentExpiryConfig>
    <expiryEnabled>true</expiryEnabled>
    <expiryTypes enum-type="com.atlassian.bamboo.deployments.expiry.DeploymentExpiryType">DEPLOYMENT_RESULT_LOG_EXPIRY,DEPLOYMENT_VERSION_ARTIFACTS_EXPIRY</expiryTypes>
    <expiryPeriod>PT0S</expiryPeriod>
    <deploymentsToKeep>4</deploymentsToKeep>
    <maxIgnoredLogSize>-1</maxIgnoredLogSize>
  </deploymentExpiryConfig>
  <myBuildHangingConfig>
    <multiplier>2.5</multiplier>
    <minutesBetweenLogs>20</minutesBetweenLogs>
    <minutesBeforeQueueTimeout>5</minutesBeforeQueueTimeout>
    <disabled>false</disabled>
  </myBuildHangingConfig>
  <concurrentBuildConfig>
    <enabled>false</enabled>
    <numberConcurrentBuilds>1</numberConcurrentBuilds>
  </concurrentBuildConfig>
  <storageLimits>
    <softLimit>20</softLimit>
    <hardLimit>25</hardLimit>
  </storageLimits>
  <dashboardPageSize>50</dashboardPageSize>
  <enableSignup>true</enableSignup>
  <enableAnonymousAccess>true</enableAnonymousAccess>
  <enableViewContactDetails>false</enableViewContactDetails>
  <enableRestrictedAdmin>false</enableRestrictedAdmin>
  <soxComplianceModeEnabled>false</soxComplianceModeEnabled>
  <remoteAgentFunctionEnabled>true</remoteAgentFunctionEnabled>
  <remoteAgentAuthenticationEnabled>true</remoteAgentAuthenticationEnabled>
  <auditLoggingEnabled>true</auditLoggingEnabled>
  <gravatarSupportEnabled>true</gravatarSupportEnabled>
  <gravatarServerUrl>https://secure.gravatar.com/avatar/</gravatarServerUrl>
  <showAdminContactDetailsToAnonymousUsers>false</showAdminContactDetailsToAnonymousUsers>
  <captchaConfiguration>
    <enableCaptcha>true</enableCaptcha>
    <enableCaptchaOnSignup>true</enableCaptchaOnSignup>
    <maxLoginAttempts>3</maxLoginAttempts>
  </captchaConfiguration>
  <systemProperties/>
  <buildHangedInQueueNotificationTimeout>120</buildHangedInQueueNotificationTimeout>
  <repositorySettings>
    <useNtlmAuth>false</useNtlmAuth>
  </repositorySettings>
  <branchDetectionCheckInterval>300</branchDetectionCheckInterval>
  <xsrfProtectionEnabled>true</xsrfProtectionEnabled>
  <xsrfAllowsMutativeGets>false</xsrfAllowsMutativeGets>
  <quarantineConfiguration>
    <enabled>false</enabled>
    <expiryOverridable>false</expiryOverridable>
  </quarantineConfiguration>
  <serializationSecurityConfig>
    <bandanaMethod>STRICT_BLACKLIST</bandanaMethod>
    <xStreamMethod>WHITELIST</xStreamMethod>
  </serializationSecurityConfig>
  <securityTokenRequiredFromAgents>false</securityTokenRequiredFromAgents>
  <manageAcceptedSshHostKeys>false</manageAcceptedSshHostKeys>
  <rssSecurityConfiguration>
    <enabled>true</enabled>
    <executeSpecsInDocker>true</executeSpecsInDocker>
    <dockerImage>atlassian/bamboo-specs-runner:6.6.2</dockerImage>
  </rssSecurityConfiguration>
</AdministrationConfiguration>