<?xml version='1.1' encoding='UTF-8' standalone='yes'?>
<bamboo>
 <date>Wed Nov 07 12:33:05 MSK 2018</date>
 <version>6.6.2</version>
 <buildDate>14-Aug-2018</buildDate>
 <build>60606</build>
 <serverID>BIJ0-DZ8E-QJRU-JRPJ</serverID>
 <applications>
  <application>
   <id>32769</id>
   <name>crowd-embedded</name>
   <createdDate>portable AD 2018-08-21 23:45:06.141 +0300</createdDate>
   <updatedDate>portable AD 2018-08-21 23:50:11.019 +0300</updatedDate>
   <active>true</active>
   <type>CROWD</type>
   <credential>X</credential>
   <attributes>
    <attribute>
     <name>aggregateMemberships</name>
     <value>true</value>
    </attribute>
    <attribute>
     <name>atlassian_sha1_applied</name>
     <value>true</value>
    </attribute>
   </attributes>
   <directoryMappings>
    <directoryMapping>
     <id>98305</id>
     <directoryId>65537</directoryId>
     <allowAll>true</allowAll>
     <permissions>
      <permission>DELETE_GROUP</permission>
      <permission>DELETE_USER</permission>
      <permission>UPDATE_GROUP_ATTRIBUTE</permission>
      <permission>CREATE_ROLE</permission>
      <permission>CREATE_USER</permission>
      <permission>DELETE_ROLE</permission>
      <permission>UPDATE_USER</permission>
      <permission>UPDATE_ROLE</permission>
      <permission>UPDATE_GROUP</permission>
      <permission>UPDATE_USER_ATTRIBUTE</permission>
      <permission>CREATE_GROUP</permission>
      <permission>UPDATE_ROLE_ATTRIBUTE</permission>
     </permissions>
    </directoryMapping>
   </directoryMappings>
  </application>
 </applications>
</bamboo>