<?xml version='1.1' encoding='UTF-8' standalone='yes'?>
<bamboo>
 <date>Wed Nov 07 12:33:05 MSK 2018</date>
 <version>6.6.2</version>
 <buildDate>14-Aug-2018</buildDate>
 <build>60606</build>
 <serverID>BIJ0-DZ8E-QJRU-JRPJ</serverID>
 <artifactDefinitions>
  <definition>
   <id>14614529</id>
   <oid>2964635192204990465</oid>
   <name>zuul-proxy</name>
   <location>target</location>
   <copyPattern>*.jar</copyPattern>
   <sharedArtifact>true</sharedArtifact>
   <required>false</required>
   <producerJob>NMP-BZ-JOB1</producerJob>
  </definition>
  <definition>
   <id>1409029</id>
   <oid>2964635192204984325</oid>
   <name>UI release</name>
   <copyPattern>ui/**</copyPattern>
   <sharedArtifact>true</sharedArtifact>
   <required>false</required>
   <producerJob>NMP-PR-JOB1</producerJob>
  </definition>
  <definition>
   <id>1409027</id>
   <oid>2964635192204984323</oid>
   <name>standalonebackend</name>
   <location>business-services/acquiring-service/merchantportal/target</location>
   <copyPattern>*.jar</copyPattern>
   <sharedArtifact>true</sharedArtifact>
   <required>false</required>
   <producerJob>NMP-BB-JOB1</producerJob>
  </definition>
  <definition>
   <id>1409031</id>
   <oid>2964635192204984327</oid>
   <name>backend release version</name>
   <location>backend</location>
   <copyPattern>backendrelease</copyPattern>
   <sharedArtifact>true</sharedArtifact>
   <required>false</required>
   <producerJob>NMP-PR-JOB1</producerJob>
  </definition>
  <definition>
   <id>1409028</id>
   <oid>2964635192204984324</oid>
   <name>backend release</name>
   <location>backend</location>
   <copyPattern>*.jar</copyPattern>
   <sharedArtifact>true</sharedArtifact>
   <required>false</required>
   <producerJob>NMP-PR-JOB1</producerJob>
  </definition>
  <definition>
   <id>14614533</id>
   <oid>2964635192204990469</oid>
   <name>Allure Report</name>
   <location>acceptance-tests/cucumber-acceptance-tests/target/site/allure-maven-plugin/</location>
   <copyPattern>**</copyPattern>
   <sharedArtifact>false</sharedArtifact>
   <required>false</required>
   <producerJob>SAL-AOAR-RST</producerJob>
  </definition>
  <definition>
   <id>14614531</id>
   <oid>2964635192204990467</oid>
   <name>new-ui-admin</name>
   <copyPattern>**/*</copyPattern>
   <sharedArtifact>true</sharedArtifact>
   <required>false</required>
   <producerJob>NMP-BNU-JOB1</producerJob>
  </definition>
  <definition>
   <id>14614534</id>
   <oid>2964635192204990470</oid>
   <name>new-ui-admin-ansible</name>
   <copyPattern>uiadminui.zip</copyPattern>
   <sharedArtifact>true</sharedArtifact>
   <required>false</required>
   <producerJob>NMP-BAUWA-JOB1</producerJob>
  </definition>
  <definition>
   <id>14614535</id>
   <oid>2964635192204990471</oid>
   <name>Allure Report</name>
   <location>acceptance-tests/cucumber-acceptance-tests/target/site/allure-maven-plugin/</location>
   <copyPattern>**</copyPattern>
   <sharedArtifact>false</sharedArtifact>
   <required>false</required>
   <producerJob>SAL-AOUR-RST</producerJob>
  </definition>
  <definition>
   <id>14614536</id>
   <oid>2964635192204990472</oid>
   <name>reporting transactions jar</name>
   <location>target</location>
   <copyPattern>*.jar</copyPattern>
   <sharedArtifact>true</sharedArtifact>
   <required>false</required>
   <producerJob>NMP-BRTS-JOB1</producerJob>
  </definition>
  <definition>
   <id>6193154</id>
   <oid>2964635192204987394</oid>
   <name>Allure Report</name>
   <location>acceptance-tests/cucumber-acceptance-tests/target/site/allure-maven-plugin/</location>
   <copyPattern>**</copyPattern>
   <sharedArtifact>false</sharedArtifact>
   <required>false</required>
   <producerJob>NMP-TES-JOB1</producerJob>
  </definition>
  <definition>
   <id>6193155</id>
   <oid>2964635192204987395</oid>
   <name>SF</name>
   <copyPattern>**/*</copyPattern>
   <sharedArtifact>true</sharedArtifact>
   <required>false</required>
   <producerJob>SAL-DS-JOB1</producerJob>
  </definition>
  <definition>
   <id>6193159</id>
   <oid>2964635192204987399</oid>
   <name>coverage report</name>
   <location>coverage/lcov-report</location>
   <copyPattern>index.html</copyPattern>
   <sharedArtifact>false</sharedArtifact>
   <required>false</required>
   <producerJob>NMP-UTC-JOB1</producerJob>
  </definition>
  <definition>
   <id>8454147</id>
   <oid>2964635192204988419</oid>
   <name>standalonebackend</name>
   <location>business-services/acquiring-service/merchantportal/target</location>
   <copyPattern>*.jar</copyPattern>
   <sharedArtifact>true</sharedArtifact>
   <required>false</required>
   <producerJob>NMP-TC-JOB1</producerJob>
  </definition>
  <definition>
   <id>14614539</id>
   <oid>2964635192204990475</oid>
   <name>Allure Report</name>
   <location>acceptance-tests/cucumber-acceptance-tests/target/site/allure-maven-plugin/</location>
   <copyPattern>**</copyPattern>
   <sharedArtifact>false</sharedArtifact>
   <required>false</required>
   <producerJob>SAL-AOPR-RST</producerJob>
  </definition>
  <definition>
   <id>8454148</id>
   <oid>2964635192204988420</oid>
   <name>Backend checksum</name>
   <location>business-services/acquiring-service/merchantportal/target</location>
   <copyPattern>checksum_new.chk</copyPattern>
   <sharedArtifact>false</sharedArtifact>
   <required>false</required>
   <producerJob>NMP-TC-JOB1</producerJob>
  </definition>
  <definition>
   <id>8454149</id>
   <oid>2964635192204988421</oid>
   <name>Allure Report</name>
   <location>acceptance-tests/cucumber-acceptance-tests/target/site/allure-maven-plugin/</location>
   <copyPattern>**</copyPattern>
   <sharedArtifact>false</sharedArtifact>
   <required>false</required>
   <producerJob>SAL-AUT-JOB1</producerJob>
  </definition>
  <definition>
   <id>8454150</id>
   <oid>2964635192204988422</oid>
   <name>standalonebackend</name>
   <location>business-services/acquiring-service/merchantportal/target</location>
   <copyPattern>*.jar</copyPattern>
   <sharedArtifact>true</sharedArtifact>
   <required>false</required>
   <producerJob>NMP-UBTV-JOB1</producerJob>
  </definition>
  <definition>
   <id>8454153</id>
   <oid>2964635192204988425</oid>
   <name>UI</name>
   <copyPattern>**</copyPattern>
   <sharedArtifact>true</sharedArtifact>
   <required>false</required>
   <producerJob>NMP-CQU-JOB1</producerJob>
  </definition>
  <definition>
   <id>8454155</id>
   <oid>2964635192204988427</oid>
   <name>SF</name>
   <copyPattern>**</copyPattern>
   <sharedArtifact>true</sharedArtifact>
   <required>false</required>
   <producerJob>SAL-CQS-JOB1</producerJob>
  </definition>
  <definition>
   <id>11698182</id>
   <oid>2964635192204989446</oid>
   <name>Allure Report</name>
   <location>acceptance-tests/cucumber-acceptance-tests/target/site/allure-maven-plugin/</location>
   <copyPattern>**</copyPattern>
   <sharedArtifact>false</sharedArtifact>
   <required>false</required>
   <producerJob>SAL-AOQFR-RST</producerJob>
  </definition>
  <definition>
   <id>14614540</id>
   <oid>2964635192204990476</oid>
   <name>transactions-input service jar</name>
   <location>target</location>
   <copyPattern>*.jar</copyPattern>
   <sharedArtifact>true</sharedArtifact>
   <required>false</required>
   <producerJob>NMP-TIS-JOB1</producerJob>
  </definition>
  <definition>
   <id>17268738</id>
   <oid>6945817262800502786</oid>
   <name>Refund Service Jar</name>
   <location>target</location>
   <copyPattern>*.jar</copyPattern>
   <sharedArtifact>true</sharedArtifact>
   <required>false</required>
   <producerJob>NMP-BRD-JOB1</producerJob>
  </definition>
  <definition>
   <id>18513922</id>
   <oid>6945817262800503810</oid>
   <name>Allure Report</name>
   <location>acceptance-tests/cucumber-acceptance-tests/target/site/allure-maven-plugin/</location>
   <copyPattern>**</copyPattern>
   <sharedArtifact>false</sharedArtifact>
   <required>false</required>
   <producerJob>SAL-QS-JOB1</producerJob>
  </definition>
  <definition>
   <id>18513923</id>
   <oid>6945817262800503811</oid>
   <name>Allure Report</name>
   <location>acceptance-tests/cucumber-acceptance-tests/target/site/allure-maven-plugin/</location>
   <copyPattern>**</copyPattern>
   <sharedArtifact>false</sharedArtifact>
   <required>false</required>
   <producerJob>SAL-PS-JOB1</producerJob>
  </definition>
  <definition>
   <id>18513924</id>
   <oid>6945817262800503812</oid>
   <name>Allure Report</name>
   <location>acceptance-tests/cucumber-acceptance-tests/target/site/allure-maven-plugin/</location>
   <copyPattern>**</copyPattern>
   <sharedArtifact>false</sharedArtifact>
   <required>false</required>
   <producerJob>SAL-AS-JOB1</producerJob>
  </definition>
  <definition>
   <id>18513925</id>
   <oid>6945817262800503813</oid>
   <name>Allure Report</name>
   <location>acceptance-tests/cucumber-acceptance-tests/target/site/allure-maven-plugin/</location>
   <copyPattern>**</copyPattern>
   <sharedArtifact>false</sharedArtifact>
   <required>false</required>
   <producerJob>SAL-US-JOB1</producerJob>
  </definition>
  <definition>
   <id>17268737</id>
   <oid>6945817262800502785</oid>
   <name>Account Screening Service Jar</name>
   <location>target</location>
   <copyPattern>*.jar</copyPattern>
   <sharedArtifact>true</sharedArtifact>
   <required>false</required>
   <producerJob>NMP-BAS-JOB1</producerJob>
  </definition>
  <definition>
   <id>21331969</id>
   <oid>6945817262800504833</oid>
   <name>APIGateArtifact</name>
   <copyPattern>apigateway.zip</copyPattern>
   <sharedArtifact>true</sharedArtifact>
   <required>false</required>
   <producerJob>NMP-BAGA-JOB1</producerJob>
  </definition>
  <definition>
   <id>11698183</id>
   <oid>2964635192204989447</oid>
   <name>EAIServiceJar</name>
   <location>target</location>
   <copyPattern>*.jar</copyPattern>
   <sharedArtifact>true</sharedArtifact>
   <required>false</required>
   <producerJob>NMP-BE-JOB1</producerJob>
  </definition>
  <definition>
   <id>25755649</id>
   <oid>6945817262800505857</oid>
   <name>Refund to Nexus Service</name>
   <location>ansiblecode</location>
   <copyPattern>*.sh</copyPattern>
   <sharedArtifact>true</sharedArtifact>
   <required>false</required>
   <producerJob>NMP-BRTN-JOB1</producerJob>
  </definition>
  <definition>
   <id>25755650</id>
   <oid>6945817262800505858</oid>
   <name>Verification Storage Service Jar</name>
   <location>target</location>
   <copyPattern>*.jar</copyPattern>
   <sharedArtifact>true</sharedArtifact>
   <required>false</required>
   <producerJob>NMP-BVS-JOB1</producerJob>
  </definition>
  <definition>
   <id>27361281</id>
   <oid>6945817262800506881</oid>
   <name>Refund to Nexus Service</name>
   <location>ansiblecode</location>
   <copyPattern>*.sh</copyPattern>
   <sharedArtifact>true</sharedArtifact>
   <required>false</required>
   <producerJob>NMP-BRTNWV-JOB1</producerJob>
  </definition>
  <definition>
   <id>28442625</id>
   <oid>6945817262800507905</oid>
   <name>RefundNexus</name>
   <location>target</location>
   <copyPattern>*.jar</copyPattern>
   <sharedArtifact>true</sharedArtifact>
   <required>false</required>
   <producerJob>NMP-BRTNWV-JOB1</producerJob>
  </definition>
 </artifactDefinitions>
</bamboo>