<?xml version='1.1' encoding='UTF-8' standalone='yes'?>
<bamboo>
 <date>Wed Nov 07 12:33:05 MSK 2018</date>
 <version>6.6.2</version>
 <buildDate>14-Aug-2018</buildDate>
 <build>60606</build>
 <serverID>BIJ0-DZ8E-QJRU-JRPJ</serverID>
 <artifacts>
  <artifact>
   <id>26476733</id>
   <label>Allure Report</label>
   <sharedArtifact>false</sharedArtifact>
   <globallyStored>false</globallyStored>
   <type>com.atlassian.bamboo.plugin.artifact.handler.remote:BambooRemoteArtifactHandler</type>
   <size>149733864</size>
   <planResultKey>SAL-AOQFR-RST-87</planResultKey>
   <archiverType>0</archiverType>
  </artifact>
  <artifact>
   <id>13172852</id>
   <label>integration service</label>
   <sharedArtifact>false</sharedArtifact>
   <globallyStored>false</globallyStored>
   <type>com.atlassian.bamboo.plugin.artifact.handler.local:ServerLocalArtifactHandler</type>
   <size>65066843</size>
   <planResultKey>NMP-BB33-JOB1-5</planResultKey>
   <archiverType>0</archiverType>
  </artifact>
  <artifact>
   <id>29163579</id>
   <label>Allure Report</label>
   <sharedArtifact>false</sharedArtifact>
   <globallyStored>false</globallyStored>
   <type>com.atlassian.bamboo.plugin.artifact.handler.remote:BambooRemoteArtifactHandler</type>
   <size>367463665</size>
   <planResultKey>NMP-TES7-JOB1-34</planResultKey>
   <archiverType>0</archiverType>
  </artifact>
  <artifact>
   <id>13172853</id>
   <label>standalonebackend</label>
   <sharedArtifact>true</sharedArtifact>
   <globallyStored>false</globallyStored>
   <type>com.atlassian.bamboo.plugin.artifact.handler.local:ServerLocalArtifactHandler</type>
   <size>109433380</size>
   <planResultKey>NMP-BB33-5</planResultKey>
   <archiverType>0</archiverType>
  </artifact>
  <artifact>
   <id>2981971</id>
   <label>backend release version</label>
   <sharedArtifact>true</sharedArtifact>
   <globallyStored>false</globallyStored>
   <type>com.atlassian.bamboo.plugin.artifact.handler.local:ServerLocalArtifactHandler</type>
   <size>3</size>
   <planResultKey>NMP-PR-42</planResultKey>
   <archiverType>0</archiverType>
  </artifact>
  <artifact>
   <id>2981972</id>
   <label>UI release</label>
   <sharedArtifact>true</sharedArtifact>
   <globallyStored>false</globallyStored>
   <type>com.atlassian.bamboo.plugin.artifact.handler.local:ServerLocalArtifactHandler</type>
   <size>5493226</size>
   <planResultKey>NMP-PR-42</planResultKey>
   <archiverType>0</archiverType>
  </artifact>
  <artifact>
   <id>24347134</id>
   <label>Allure Report</label>
   <sharedArtifact>false</sharedArtifact>
   <globallyStored>false</globallyStored>
   <type>com.atlassian.bamboo.plugin.artifact.handler.remote:BambooRemoteArtifactHandler</type>
   <size>4156234</size>
   <planResultKey>SAL-US-JOB1-32</planResultKey>
   <archiverType>0</archiverType>
  </artifact>
  <artifact>
   <id>2981973</id>
   <label>backend release</label>
   <sharedArtifact>true</sharedArtifact>
   <globallyStored>false</globallyStored>
   <type>com.atlassian.bamboo.plugin.artifact.handler.local:ServerLocalArtifactHandler</type>
   <size>82308410</size>
   <planResultKey>NMP-PR-42</planResultKey>
   <archiverType>0</archiverType>
  </artifact>
  <artifact>
   <id>10355490</id>
   <label>SF</label>
   <sharedArtifact>true</sharedArtifact>
   <globallyStored>false</globallyStored>
   <type>com.atlassian.bamboo.plugin.artifact.handler.local:ServerLocalArtifactHandler</type>
   <size>6450</size>
   <planResultKey>SAL-CQS-45</planResultKey>
   <archiverType>0</archiverType>
  </artifact>
  <artifact>
   <id>5734568</id>
   <label>backend release version</label>
   <sharedArtifact>true</sharedArtifact>
   <globallyStored>true</globallyStored>
   <type>com.atlassian.bamboo.plugin.artifact.handler.local:ServerLocalArtifactHandler</type>
   <size>3</size>
   <planResultKey>NMP-BB-87</planResultKey>
   <archiverType>0</archiverType>
  </artifact>
  <artifact>
   <id>5734569</id>
   <label>standalonebackend</label>
   <sharedArtifact>true</sharedArtifact>
   <globallyStored>true</globallyStored>
   <type>com.atlassian.bamboo.plugin.artifact.handler.local:ServerLocalArtifactHandler</type>
   <size>85395389</size>
   <planResultKey>NMP-BB-87</planResultKey>
   <archiverType>0</archiverType>
  </artifact>
  <artifact>
   <id>20152335</id>
   <label>transactions-input service jar</label>
   <sharedArtifact>true</sharedArtifact>
   <globallyStored>true</globallyStored>
   <type>com.atlassian.bamboo.plugin.artifact.handler.local:ServerLocalArtifactHandler</type>
   <size>24208207</size>
   <planResultKey>NMP-TIS-12</planResultKey>
   <archiverType>0</archiverType>
  </artifact>
  <artifact>
   <id>13173081</id>
   <label>EAI Service Jar</label>
   <sharedArtifact>true</sharedArtifact>
   <globallyStored>true</globallyStored>
   <type>com.atlassian.bamboo.plugin.artifact.handler.local:ServerLocalArtifactHandler</type>
   <size>59362428</size>
   <planResultKey>NMP-BE-63</planResultKey>
   <archiverType>0</archiverType>
  </artifact>
  <artifact>
   <id>26476761</id>
   <label>SF</label>
   <sharedArtifact>true</sharedArtifact>
   <globallyStored>false</globallyStored>
   <type>com.atlassian.bamboo.plugin.artifact.handler.local:ServerLocalArtifactHandler</type>
   <size>61376288</size>
   <planResultKey>SAL-DS10-319</planResultKey>
   <archiverType>0</archiverType>
  </artifact>
  <artifact>
   <id>26476690</id>
   <label>transactions-input service jar</label>
   <sharedArtifact>true</sharedArtifact>
   <globallyStored>true</globallyStored>
   <type>com.atlassian.bamboo.plugin.artifact.handler.local:ServerLocalArtifactHandler</type>
   <size>50404134</size>
   <planResultKey>NMP-TIS-49</planResultKey>
   <archiverType>0</archiverType>
  </artifact>
  <artifact>
   <id>28115357</id>
   <label>standalonebackend</label>
   <sharedArtifact>true</sharedArtifact>
   <globallyStored>true</globallyStored>
   <type>com.atlassian.bamboo.plugin.artifact.handler.local:ServerLocalArtifactHandler</type>
   <size>118006022</size>
   <planResultKey>NMP-BB152-60</planResultKey>
   <archiverType>0</archiverType>
  </artifact>
  <artifact>
   <id>26476709</id>
   <label>APIGateArtifact</label>
   <sharedArtifact>true</sharedArtifact>
   <globallyStored>true</globallyStored>
   <type>com.atlassian.bamboo.plugin.artifact.handler.local:ServerLocalArtifactHandler</type>
   <size>36144116</size>
   <planResultKey>NMP-BAGA-57</planResultKey>
   <archiverType>0</archiverType>
  </artifact>
  <artifact>
   <id>29163548</id>
   <label>new-ui-admin</label>
   <sharedArtifact>true</sharedArtifact>
   <globallyStored>false</globallyStored>
   <type>com.atlassian.bamboo.plugin.artifact.handler.local:ServerLocalArtifactHandler</type>
   <size>14137572</size>
   <planResultKey>NMP-BNU99-1</planResultKey>
   <archiverType>0</archiverType>
  </artifact>
  <artifact>
   <id>13173506</id>
   <label>new-ui-admin-ansible</label>
   <sharedArtifact>true</sharedArtifact>
   <globallyStored>true</globallyStored>
   <type>com.atlassian.bamboo.plugin.artifact.handler.local:ServerLocalArtifactHandler</type>
   <size>14406346</size>
   <planResultKey>NMP-BAUWA-5</planResultKey>
   <archiverType>0</archiverType>
  </artifact>
  <artifact>
   <id>28115344</id>
   <label>EAIServiceJar</label>
   <sharedArtifact>true</sharedArtifact>
   <globallyStored>true</globallyStored>
   <type>com.atlassian.bamboo.plugin.artifact.handler.local:ServerLocalArtifactHandler</type>
   <size>66795579</size>
   <planResultKey>NMP-BE-177</planResultKey>
   <archiverType>0</archiverType>
  </artifact>
  <artifact>
   <id>10355491</id>
   <label>SF</label>
   <sharedArtifact>true</sharedArtifact>
   <globallyStored>false</globallyStored>
   <type>com.atlassian.bamboo.plugin.artifact.handler.local:ServerLocalArtifactHandler</type>
   <size>6177</size>
   <planResultKey>SAL-DS-239</planResultKey>
   <archiverType>0</archiverType>
  </artifact>
  <artifact>
   <id>13172873</id>
   <label>SF</label>
   <sharedArtifact>true</sharedArtifact>
   <globallyStored>true</globallyStored>
   <type>com.atlassian.bamboo.plugin.artifact.handler.local:ServerLocalArtifactHandler</type>
   <size>49776566</size>
   <planResultKey>SAL-DS0-1299</planResultKey>
   <archiverType>0</archiverType>
  </artifact>
  <artifact>
   <id>10355312</id>
   <label>SF</label>
   <sharedArtifact>true</sharedArtifact>
   <globallyStored>true</globallyStored>
   <type>com.atlassian.bamboo.plugin.artifact.handler.local:ServerLocalArtifactHandler</type>
   <size>47412811</size>
   <planResultKey>SAL-DS0-1075</planResultKey>
   <archiverType>0</archiverType>
  </artifact>
  <artifact>
   <id>29163561</id>
   <label>standalonebackend</label>
   <sharedArtifact>true</sharedArtifact>
   <globallyStored>false</globallyStored>
   <type>com.atlassian.bamboo.plugin.artifact.handler.local:ServerLocalArtifactHandler</type>
   <size>118015567</size>
   <planResultKey>NMP-BB-956</planResultKey>
   <archiverType>0</archiverType>
  </artifact>
  <artifact>
   <id>7507941</id>
   <label>SF</label>
   <sharedArtifact>true</sharedArtifact>
   <globallyStored>true</globallyStored>
   <type>com.atlassian.bamboo.plugin.artifact.handler.local:ServerLocalArtifactHandler</type>
   <size>43280720</size>
   <planResultKey>SAL-DS0-865</planResultKey>
   <archiverType>0</archiverType>
  </artifact>
  <artifact>
   <id>29163575</id>
   <label>standalonebackend</label>
   <sharedArtifact>true</sharedArtifact>
   <globallyStored>false</globallyStored>
   <type>com.atlassian.bamboo.plugin.artifact.handler.local:ServerLocalArtifactHandler</type>
   <size>119416479</size>
   <planResultKey>NMP-BB-961</planResultKey>
   <archiverType>0</archiverType>
  </artifact>
  <artifact>
   <id>29163521</id>
   <label>Refund Service Jar</label>
   <sharedArtifact>true</sharedArtifact>
   <globallyStored>true</globallyStored>
   <type>com.atlassian.bamboo.plugin.artifact.handler.local:ServerLocalArtifactHandler</type>
   <size>64480651</size>
   <planResultKey>NMP-BRD-62</planResultKey>
   <archiverType>0</archiverType>
  </artifact>
  <artifact>
   <id>28114945</id>
   <label>standalonebackend</label>
   <sharedArtifact>true</sharedArtifact>
   <globallyStored>false</globallyStored>
   <type>com.atlassian.bamboo.plugin.artifact.handler.local:ServerLocalArtifactHandler</type>
   <size>117337393</size>
   <planResultKey>NMP-BB180-1</planResultKey>
   <archiverType>0</archiverType>
  </artifact>
  <artifact>
   <id>26476742</id>
   <label>SF</label>
   <sharedArtifact>true</sharedArtifact>
   <globallyStored>true</globallyStored>
   <type>com.atlassian.bamboo.plugin.artifact.handler.local:ServerLocalArtifactHandler</type>
   <size>56595575</size>
   <planResultKey>SAL-DS12-119</planResultKey>
   <archiverType>0</archiverType>
  </artifact>
  <artifact>
   <id>26476770</id>
   <label>new-ui-admin</label>
   <sharedArtifact>true</sharedArtifact>
   <globallyStored>true</globallyStored>
   <type>com.atlassian.bamboo.plugin.artifact.handler.local:ServerLocalArtifactHandler</type>
   <size>14138382</size>
   <planResultKey>NMP-BNU-139</planResultKey>
   <archiverType>0</archiverType>
  </artifact>
  <artifact>
   <id>29163580</id>
   <label>SF</label>
   <sharedArtifact>true</sharedArtifact>
   <globallyStored>false</globallyStored>
   <type>com.atlassian.bamboo.plugin.artifact.handler.local:ServerLocalArtifactHandler</type>
   <size>57251442</size>
   <planResultKey>SAL-DS12-150</planResultKey>
   <archiverType>0</archiverType>
  </artifact>
  <artifact>
   <id>10355271</id>
   <label>SF</label>
   <sharedArtifact>true</sharedArtifact>
   <globallyStored>false</globallyStored>
   <type>com.atlassian.bamboo.plugin.artifact.handler.local:ServerLocalArtifactHandler</type>
   <size>39587809</size>
   <planResultKey>SAL-CQS-42</planResultKey>
   <archiverType>0</archiverType>
  </artifact>
  <artifact>
   <id>13173713</id>
   <label>standalonebackend</label>
   <sharedArtifact>true</sharedArtifact>
   <globallyStored>false</globallyStored>
   <type>com.atlassian.bamboo.plugin.artifact.handler.local:ServerLocalArtifactHandler</type>
   <size>108567692</size>
   <planResultKey>NMP-BB76-1</planResultKey>
   <archiverType>0</archiverType>
  </artifact>
  <artifact>
   <id>24347736</id>
   <label>APIGateArtifact</label>
   <sharedArtifact>true</sharedArtifact>
   <globallyStored>true</globallyStored>
   <type>com.atlassian.bamboo.plugin.artifact.handler.local:ServerLocalArtifactHandler</type>
   <size>36142611</size>
   <planResultKey>NMP-BAGA-48</planResultKey>
   <archiverType>0</archiverType>
  </artifact>
  <artifact>
   <id>29163549</id>
   <label>SF</label>
   <sharedArtifact>true</sharedArtifact>
   <globallyStored>false</globallyStored>
   <type>com.atlassian.bamboo.plugin.artifact.handler.local:ServerLocalArtifactHandler</type>
   <size>57232096</size>
   <planResultKey>SAL-DS12-146</planResultKey>
   <archiverType>0</archiverType>
  </artifact>
  <artifact>
   <id>28115328</id>
   <label>Refund Service Jar</label>
   <sharedArtifact>true</sharedArtifact>
   <globallyStored>false</globallyStored>
   <type>com.atlassian.bamboo.plugin.artifact.handler.local:ServerLocalArtifactHandler</type>
   <size>64480180</size>
   <planResultKey>NMP-BRD1-2</planResultKey>
   <archiverType>0</archiverType>
  </artifact>
  <artifact>
   <id>17956913</id>
   <label>transactions-input service jar</label>
   <sharedArtifact>true</sharedArtifact>
   <globallyStored>true</globallyStored>
   <type>com.atlassian.bamboo.plugin.artifact.handler.local:ServerLocalArtifactHandler</type>
   <size>24201043</size>
   <planResultKey>NMP-TIS1-1</planResultKey>
   <archiverType>0</archiverType>
  </artifact>
  <artifact>
   <id>10355492</id>
   <label>SF</label>
   <sharedArtifact>true</sharedArtifact>
   <globallyStored>false</globallyStored>
   <type>com.atlassian.bamboo.plugin.artifact.handler.local:ServerLocalArtifactHandler</type>
   <size>47502964</size>
   <planResultKey>SAL-CQS-46</planResultKey>
   <archiverType>0</archiverType>
  </artifact>
  <artifact>
   <id>10355320</id>
   <label>SF</label>
   <sharedArtifact>true</sharedArtifact>
   <globallyStored>true</globallyStored>
   <type>com.atlassian.bamboo.plugin.artifact.handler.local:ServerLocalArtifactHandler</type>
   <size>47414407</size>
   <planResultKey>SAL-DS0-1077</planResultKey>
   <archiverType>0</archiverType>
  </artifact>
  <artifact>
   <id>29163522</id>
   <label>reporting transactions jar</label>
   <sharedArtifact>true</sharedArtifact>
   <globallyStored>false</globallyStored>
   <type>com.atlassian.bamboo.plugin.artifact.handler.local:ServerLocalArtifactHandler</type>
   <size>62963625</size>
   <planResultKey>NMP-BRTS-57</planResultKey>
   <archiverType>0</archiverType>
  </artifact>
  <artifact>
   <id>29163562</id>
   <label>standalonebackend</label>
   <sharedArtifact>true</sharedArtifact>
   <globallyStored>false</globallyStored>
   <type>com.atlassian.bamboo.plugin.artifact.handler.local:ServerLocalArtifactHandler</type>
   <size>118015569</size>
   <planResultKey>NMP-BB-957</planResultKey>
   <archiverType>0</archiverType>
  </artifact>
  <artifact>
   <id>13173458</id>
   <label>standalonebackend</label>
   <sharedArtifact>true</sharedArtifact>
   <globallyStored>false</globallyStored>
   <type>com.atlassian.bamboo.plugin.artifact.handler.local:ServerLocalArtifactHandler</type>
   <size>108543933</size>
   <planResultKey>NMP-BB45-5</planResultKey>
   <archiverType>0</archiverType>
  </artifact>
  <artifact>
   <id>7507973</id>
   <label>UI</label>
   <sharedArtifact>true</sharedArtifact>
   <globallyStored>false</globallyStored>
   <type>com.atlassian.bamboo.plugin.artifact.handler.local:ServerLocalArtifactHandler</type>
   <size>14356602</size>
   <planResultKey>NMP-CQU-6</planResultKey>
   <archiverType>0</archiverType>
  </artifact>
  <artifact>
   <id>28115358</id>
   <label>Refund Service Jar</label>
   <sharedArtifact>true</sharedArtifact>
   <globallyStored>true</globallyStored>
   <type>com.atlassian.bamboo.plugin.artifact.handler.local:ServerLocalArtifactHandler</type>
   <size>64480686</size>
   <planResultKey>NMP-BRD2-1</planResultKey>
   <archiverType>0</archiverType>
  </artifact>
  <artifact>
   <id>24347396</id>
   <label>EAIServiceJar</label>
   <sharedArtifact>true</sharedArtifact>
   <globallyStored>false</globallyStored>
   <type>com.atlassian.bamboo.plugin.artifact.handler.local:ServerLocalArtifactHandler</type>
   <size>66287126</size>
   <planResultKey>NMP-BE2-4</planResultKey>
   <archiverType>0</archiverType>
  </artifact>
  <artifact>
   <id>13173858</id>
   <label>standalonebackend</label>
   <sharedArtifact>true</sharedArtifact>
   <globallyStored>false</globallyStored>
   <type>com.atlassian.bamboo.plugin.artifact.handler.local:ServerLocalArtifactHandler</type>
   <size>108570061</size>
   <planResultKey>NMP-BB88-1</planResultKey>
   <archiverType>0</archiverType>
  </artifact>
  <artifact>
   <id>2981954</id>
   <label>backend release version</label>
   <sharedArtifact>true</sharedArtifact>
   <globallyStored>false</globallyStored>
   <type>com.atlassian.bamboo.plugin.artifact.handler.local:ServerLocalArtifactHandler</type>
   <size>3</size>
   <planResultKey>NMP-PR-41</planResultKey>
   <archiverType>0</archiverType>
  </artifact>
  <artifact>
   <id>2981955</id>
   <label>UI release</label>
   <sharedArtifact>true</sharedArtifact>
   <globallyStored>false</globallyStored>
   <type>com.atlassian.bamboo.plugin.artifact.handler.local:ServerLocalArtifactHandler</type>
   <size>5360650</size>
   <planResultKey>NMP-PR-41</planResultKey>
   <archiverType>0</archiverType>
  </artifact>
  <artifact>
   <id>2981956</id>
   <label>backend release</label>
   <sharedArtifact>true</sharedArtifact>
   <globallyStored>false</globallyStored>
   <type>com.atlassian.bamboo.plugin.artifact.handler.local:ServerLocalArtifactHandler</type>
   <size>80241066</size>
   <planResultKey>NMP-PR-41</planResultKey>
   <archiverType>0</archiverType>
  </artifact>
  <artifact>
   <id>24347407</id>
   <label>reporting transactions jar</label>
   <sharedArtifact>true</sharedArtifact>
   <globallyStored>false</globallyStored>
   <type>com.atlassian.bamboo.plugin.artifact.handler.local:ServerLocalArtifactHandler</type>
   <size>61017788</size>
   <planResultKey>NMP-BRTS1-9</planResultKey>
   <archiverType>0</archiverType>
  </artifact>
  <artifact>
   <id>17957006</id>
   <label>standalonebackend</label>
   <sharedArtifact>true</sharedArtifact>
   <globallyStored>false</globallyStored>
   <type>com.atlassian.bamboo.plugin.artifact.handler.local:ServerLocalArtifactHandler</type>
   <size>112635527</size>
   <planResultKey>NMP-BB103-1</planResultKey>
   <archiverType>0</archiverType>
  </artifact>
  <artifact>
   <id>13173868</id>
   <label>standalonebackend</label>
   <sharedArtifact>true</sharedArtifact>
   <globallyStored>false</globallyStored>
   <type>com.atlassian.bamboo.plugin.artifact.handler.local:ServerLocalArtifactHandler</type>
   <size>108570119</size>
   <planResultKey>NMP-BB71-9</planResultKey>
   <archiverType>0</archiverType>
  </artifact>
  <artifact>
   <id>29163576</id>
   <label>transactions-input service jar</label>
   <sharedArtifact>true</sharedArtifact>
   <globallyStored>false</globallyStored>
   <type>com.atlassian.bamboo.plugin.artifact.handler.local:ServerLocalArtifactHandler</type>
   <size>50405308</size>
   <planResultKey>NMP-TIS-55</planResultKey>
   <archiverType>0</archiverType>
  </artifact>
  <artifact>
   <id>10355493</id>
   <label>SF</label>
   <sharedArtifact>true</sharedArtifact>
   <globallyStored>false</globallyStored>
   <type>com.atlassian.bamboo.plugin.artifact.handler.local:ServerLocalArtifactHandler</type>
   <size>47502691</size>
   <planResultKey>SAL-DS-240</planResultKey>
   <archiverType>0</archiverType>
  </artifact>
  <artifact>
   <id>13173349</id>
   <label>standalonebackend</label>
   <sharedArtifact>true</sharedArtifact>
   <globallyStored>false</globallyStored>
   <type>com.atlassian.bamboo.plugin.artifact.handler.local:ServerLocalArtifactHandler</type>
   <size>108542693</size>
   <planResultKey>NMP-BB45-4</planResultKey>
   <archiverType>0</archiverType>
  </artifact>
  <artifact>
   <id>24347416</id>
   <label>standalonebackend</label>
   <sharedArtifact>true</sharedArtifact>
   <globallyStored>false</globallyStored>
   <type>com.atlassian.bamboo.plugin.artifact.handler.local:ServerLocalArtifactHandler</type>
   <size>112689437</size>
   <planResultKey>NMP-BB132-2</planResultKey>
   <archiverType>0</archiverType>
  </artifact>
  <artifact>
   <id>7507974</id>
   <label>UI</label>
   <sharedArtifact>true</sharedArtifact>
   <globallyStored>false</globallyStored>
   <type>com.atlassian.bamboo.plugin.artifact.handler.local:ServerLocalArtifactHandler</type>
   <size>14356849</size>
   <planResultKey>NMP-CQU-7</planResultKey>
   <archiverType>0</archiverType>
  </artifact>
  <artifact>
   <id>24347417</id>
   <label>reporting transactions jar</label>
   <sharedArtifact>true</sharedArtifact>
   <globallyStored>false</globallyStored>
   <type>com.atlassian.bamboo.plugin.artifact.handler.local:ServerLocalArtifactHandler</type>
   <size>61050997</size>
   <planResultKey>NMP-BRTS2-3</planResultKey>
   <archiverType>0</archiverType>
  </artifact>
  <artifact>
   <id>29163535</id>
   <label>new-ui-admin</label>
   <sharedArtifact>true</sharedArtifact>
   <globallyStored>false</globallyStored>
   <type>com.atlassian.bamboo.plugin.artifact.handler.local:ServerLocalArtifactHandler</type>
   <size>14257547</size>
   <planResultKey>NMP-BNU97-1</planResultKey>
   <archiverType>0</archiverType>
  </artifact>
  <artifact>
   <id>26476734</id>
   <label>reporting transactions jar</label>
   <sharedArtifact>true</sharedArtifact>
   <globallyStored>true</globallyStored>
   <type>com.atlassian.bamboo.plugin.artifact.handler.local:ServerLocalArtifactHandler</type>
   <size>62959677</size>
   <planResultKey>NMP-BRTS-55</planResultKey>
   <archiverType>0</archiverType>
  </artifact>
  <artifact>
   <id>26476790</id>
   <label>APIGateArtifact</label>
   <sharedArtifact>true</sharedArtifact>
   <globallyStored>false</globallyStored>
   <type>com.atlassian.bamboo.plugin.artifact.handler.local:ServerLocalArtifactHandler</type>
   <size>36144130</size>
   <planResultKey>NMP-BAGA-59</planResultKey>
   <archiverType>0</archiverType>
  </artifact>
  <artifact>
   <id>28114946</id>
   <label>new-ui-admin</label>
   <sharedArtifact>true</sharedArtifact>
   <globallyStored>false</globallyStored>
   <type>com.atlassian.bamboo.plugin.artifact.handler.local:ServerLocalArtifactHandler</type>
   <size>14139436</size>
   <planResultKey>NMP-BNU93-1</planResultKey>
   <archiverType>0</archiverType>
  </artifact>
  <artifact>
   <id>28115345</id>
   <label>transactions-input service jar</label>
   <sharedArtifact>true</sharedArtifact>
   <globallyStored>true</globallyStored>
   <type>com.atlassian.bamboo.plugin.artifact.handler.local:ServerLocalArtifactHandler</type>
   <size>50404157</size>
   <planResultKey>NMP-TIS-51</planResultKey>
   <archiverType>0</archiverType>
  </artifact>
  <artifact>
   <id>16253070</id>
   <label>standalonebackend</label>
   <sharedArtifact>true</sharedArtifact>
   <globallyStored>false</globallyStored>
   <type>com.atlassian.bamboo.plugin.artifact.handler.local:ServerLocalArtifactHandler</type>
   <size>112626942</size>
   <planResultKey>NMP-BB100-1</planResultKey>
   <archiverType>0</archiverType>
  </artifact>
  <artifact>
   <id>24347220</id>
   <label>Refund to Nexus Service</label>
   <sharedArtifact>true</sharedArtifact>
   <globallyStored>false</globallyStored>
   <type>com.atlassian.bamboo.plugin.artifact.handler.local:ServerLocalArtifactHandler</type>
   <size>119</size>
   <planResultKey>NMP-BRTN0-4</planResultKey>
   <archiverType>0</archiverType>
  </artifact>
  <artifact>
   <id>17957019</id>
   <label>reporting transactions jar</label>
   <sharedArtifact>true</sharedArtifact>
   <globallyStored>true</globallyStored>
   <type>com.atlassian.bamboo.plugin.artifact.handler.local:ServerLocalArtifactHandler</type>
   <size>28667130</size>
   <planResultKey>NMP-BRTS-15</planResultKey>
   <archiverType>0</archiverType>
  </artifact>
  <artifact>
   <id>23035978</id>
   <label>SF</label>
   <sharedArtifact>true</sharedArtifact>
   <globallyStored>true</globallyStored>
   <type>com.atlassian.bamboo.plugin.artifact.handler.local:ServerLocalArtifactHandler</type>
   <size>55265326</size>
   <planResultKey>SAL-DS10-120</planResultKey>
   <archiverType>0</archiverType>
  </artifact>
  <artifact>
   <id>24347754</id>
   <label>new-ui-admin</label>
   <sharedArtifact>true</sharedArtifact>
   <globallyStored>false</globallyStored>
   <type>com.atlassian.bamboo.plugin.artifact.handler.local:ServerLocalArtifactHandler</type>
   <size>14245299</size>
   <planResultKey>NMP-BNU80-1</planResultKey>
   <archiverType>0</archiverType>
  </artifact>
  <artifact>
   <id>26476728</id>
   <label>Refund Service Jar</label>
   <sharedArtifact>true</sharedArtifact>
   <globallyStored>true</globallyStored>
   <type>com.atlassian.bamboo.plugin.artifact.handler.local:ServerLocalArtifactHandler</type>
   <size>64479582</size>
   <planResultKey>NMP-BRD-56</planResultKey>
   <archiverType>0</archiverType>
  </artifact>
  <artifact>
   <id>26476771</id>
   <label>SF</label>
   <sharedArtifact>true</sharedArtifact>
   <globallyStored>true</globallyStored>
   <type>com.atlassian.bamboo.plugin.artifact.handler.local:ServerLocalArtifactHandler</type>
   <size>56596556</size>
   <planResultKey>SAL-DS12-122</planResultKey>
   <archiverType>0</archiverType>
  </artifact>
  <artifact>
   <id>13173210</id>
   <label>standalonebackend</label>
   <sharedArtifact>true</sharedArtifact>
   <globallyStored>false</globallyStored>
   <type>com.atlassian.bamboo.plugin.artifact.handler.local:ServerLocalArtifactHandler</type>
   <size>108548109</size>
   <planResultKey>NMP-BB46-1</planResultKey>
   <archiverType>0</archiverType>
  </artifact>
  <artifact>
   <id>29163581</id>
   <label>SF</label>
   <sharedArtifact>true</sharedArtifact>
   <globallyStored>false</globallyStored>
   <type>com.atlassian.bamboo.plugin.artifact.handler.local:ServerLocalArtifactHandler</type>
   <size>57260606</size>
   <planResultKey>SAL-DS12-151</planResultKey>
   <archiverType>0</archiverType>
  </artifact>
  <artifact>
   <id>17956961</id>
   <label>reporting transactions jar</label>
   <sharedArtifact>true</sharedArtifact>
   <globallyStored>false</globallyStored>
   <type>com.atlassian.bamboo.plugin.artifact.handler.local:ServerLocalArtifactHandler</type>
   <size>28666417</size>
   <planResultKey>NMP-BRTS0-6</planResultKey>
   <archiverType>0</archiverType>
  </artifact>
  <artifact>
   <id>13172818</id>
   <label>zuul-proxy</label>
   <sharedArtifact>true</sharedArtifact>
   <globallyStored>false</globallyStored>
   <type>com.atlassian.bamboo.plugin.artifact.handler.local:ServerLocalArtifactHandler</type>
   <size>33219918</size>
   <planResultKey>NMP-BZ-3</planResultKey>
   <archiverType>0</archiverType>
  </artifact>
  <artifact>
   <id>24347144</id>
   <label>standalonebackend</label>
   <sharedArtifact>true</sharedArtifact>
   <globallyStored>false</globallyStored>
   <type>com.atlassian.bamboo.plugin.artifact.handler.local:ServerLocalArtifactHandler</type>
   <size>112679880</size>
   <planResultKey>NMP-BB128-1</planResultKey>
   <archiverType>0</archiverType>
  </artifact>
  <artifact>
   <id>13172954</id>
   <label>coverage report</label>
   <sharedArtifact>false</sharedArtifact>
   <globallyStored>false</globallyStored>
   <type>com.atlassian.bamboo.plugin.artifact.handler.local:ServerLocalArtifactHandler</type>
   <size>113255</size>
   <planResultKey>NMP-UTC-JOB1-479</planResultKey>
   <archiverType>0</archiverType>
  </artifact>
  <artifact>
   <id>24347580</id>
   <label>SF</label>
   <sharedArtifact>true</sharedArtifact>
   <globallyStored>true</globallyStored>
   <type>com.atlassian.bamboo.plugin.artifact.handler.local:ServerLocalArtifactHandler</type>
   <size>61353346</size>
   <planResultKey>SAL-DS10-286</planResultKey>
   <archiverType>0</archiverType>
  </artifact>
  <artifact>
   <id>7505132</id>
   <label>standalonebackend</label>
   <sharedArtifact>true</sharedArtifact>
   <globallyStored>false</globallyStored>
   <type>com.atlassian.bamboo.plugin.artifact.handler.local:ServerLocalArtifactHandler</type>
   <size>90653247</size>
   <planResultKey>NMP-TC-1</planResultKey>
   <archiverType>0</archiverType>
  </artifact>
  <artifact>
   <id>7505133</id>
   <label>Backend checksum</label>
   <sharedArtifact>false</sharedArtifact>
   <globallyStored>false</globallyStored>
   <type>com.atlassian.bamboo.plugin.artifact.handler.local:ServerLocalArtifactHandler</type>
   <size>53</size>
   <planResultKey>NMP-TC-JOB1-1</planResultKey>
   <archiverType>0</archiverType>
  </artifact>
  <artifact>
   <id>29163523</id>
   <label>new-ui-admin</label>
   <sharedArtifact>true</sharedArtifact>
   <globallyStored>false</globallyStored>
   <type>com.atlassian.bamboo.plugin.artifact.handler.local:ServerLocalArtifactHandler</type>
   <size>14253056</size>
   <planResultKey>NMP-BNU95-1</planResultKey>
   <archiverType>0</archiverType>
  </artifact>
  <artifact>
   <id>24347661</id>
   <label>reporting transactions jar</label>
   <sharedArtifact>true</sharedArtifact>
   <globallyStored>false</globallyStored>
   <type>com.atlassian.bamboo.plugin.artifact.handler.local:ServerLocalArtifactHandler</type>
   <size>62957290</size>
   <planResultKey>NMP-BRTS3-1</planResultKey>
   <archiverType>0</archiverType>
  </artifact>
  <artifact>
   <id>13173587</id>
   <label>new-ui-admin-ansible</label>
   <sharedArtifact>true</sharedArtifact>
   <globallyStored>true</globallyStored>
   <type>com.atlassian.bamboo.plugin.artifact.handler.local:ServerLocalArtifactHandler</type>
   <size>14415259</size>
   <planResultKey>NMP-BAUWA-15</planResultKey>
   <archiverType>0</archiverType>
  </artifact>
  <artifact>
   <id>13173860</id>
   <label>SF</label>
   <sharedArtifact>true</sharedArtifact>
   <globallyStored>true</globallyStored>
   <type>com.atlassian.bamboo.plugin.artifact.handler.local:ServerLocalArtifactHandler</type>
   <size>53756123</size>
   <planResultKey>SAL-DS0-1603</planResultKey>
   <archiverType>0</archiverType>
  </artifact>
  <artifact>
   <id>26476563</id>
   <label>EAIServiceJar</label>
   <sharedArtifact>true</sharedArtifact>
   <globallyStored>true</globallyStored>
   <type>com.atlassian.bamboo.plugin.artifact.handler.local:ServerLocalArtifactHandler</type>
   <size>66792482</size>
   <planResultKey>NMP-BE-170</planResultKey>
   <archiverType>0</archiverType>
  </artifact>
  <artifact>
   <id>24347643</id>
   <label>SF</label>
   <sharedArtifact>true</sharedArtifact>
   <globallyStored>true</globallyStored>
   <type>com.atlassian.bamboo.plugin.artifact.handler.local:ServerLocalArtifactHandler</type>
   <size>61358767</size>
   <planResultKey>SAL-DS12-54</planResultKey>
   <archiverType>0</archiverType>
  </artifact>
  <artifact>
   <id>10355295</id>
   <label>SF</label>
   <sharedArtifact>true</sharedArtifact>
   <globallyStored>false</globallyStored>
   <type>com.atlassian.bamboo.plugin.artifact.handler.local:ServerLocalArtifactHandler</type>
   <size>39590453</size>
   <planResultKey>SAL-CQS-43</planResultKey>
   <archiverType>0</archiverType>
  </artifact>
  <artifact>
   <id>26476626</id>
   <label>SF</label>
   <sharedArtifact>true</sharedArtifact>
   <globallyStored>true</globallyStored>
   <type>com.atlassian.bamboo.plugin.artifact.handler.local:ServerLocalArtifactHandler</type>
   <size>61375011</size>
   <planResultKey>SAL-DS10-310</planResultKey>
   <archiverType>0</archiverType>
  </artifact>
  <artifact>
   <id>29163536</id>
   <label>new-ui-admin</label>
   <sharedArtifact>true</sharedArtifact>
   <globallyStored>false</globallyStored>
   <type>com.atlassian.bamboo.plugin.artifact.handler.local:ServerLocalArtifactHandler</type>
   <size>14257331</size>
   <planResultKey>NMP-BNU98-1</planResultKey>
   <archiverType>0</archiverType>
  </artifact>
  <artifact>
   <id>29163563</id>
   <label>standalonebackend</label>
   <sharedArtifact>true</sharedArtifact>
   <globallyStored>false</globallyStored>
   <type>com.atlassian.bamboo.plugin.artifact.handler.local:ServerLocalArtifactHandler</type>
   <size>118017015</size>
   <planResultKey>NMP-BB-958</planResultKey>
   <archiverType>0</archiverType>
  </artifact>
  <artifact>
   <id>29163577</id>
   <label>SF</label>
   <sharedArtifact>true</sharedArtifact>
   <globallyStored>false</globallyStored>
   <type>com.atlassian.bamboo.plugin.artifact.handler.local:ServerLocalArtifactHandler</type>
   <size>57230945</size>
   <planResultKey>SAL-DS12-148</planResultKey>
   <archiverType>0</archiverType>
  </artifact>
  <artifact>
   <id>26476635</id>
   <label>transactions-input service jar</label>
   <sharedArtifact>true</sharedArtifact>
   <globallyStored>true</globallyStored>
   <type>com.atlassian.bamboo.plugin.artifact.handler.local:ServerLocalArtifactHandler</type>
   <size>50403818</size>
   <planResultKey>NMP-TIS-45</planResultKey>
   <archiverType>0</archiverType>
  </artifact>
  <artifact>
   <id>10355022</id>
   <label>standalonebackend</label>
   <sharedArtifact>true</sharedArtifact>
   <globallyStored>true</globallyStored>
   <type>com.atlassian.bamboo.plugin.artifact.handler.local:ServerLocalArtifactHandler</type>
   <size>109737021</size>
   <planResultKey>NMP-BB31-1</planResultKey>
   <archiverType>0</archiverType>
  </artifact>
  <artifact>
   <id>13173511</id>
   <label>new-ui-admin-ansible</label>
   <sharedArtifact>true</sharedArtifact>
   <globallyStored>true</globallyStored>
   <type>com.atlassian.bamboo.plugin.artifact.handler.local:ServerLocalArtifactHandler</type>
   <size>14412500</size>
   <planResultKey>NMP-BAUWA-7</planResultKey>
   <archiverType>0</archiverType>
  </artifact>
  <artifact>
   <id>26476729</id>
   <label>Refund to Nexus Service</label>
   <sharedArtifact>true</sharedArtifact>
   <globallyStored>true</globallyStored>
   <type>com.atlassian.bamboo.plugin.artifact.handler.local:ServerLocalArtifactHandler</type>
   <size>153</size>
   <planResultKey>NMP-BRTN-32</planResultKey>
   <archiverType>0</archiverType>
  </artifact>
  <artifact>
   <id>29163582</id>
   <label>Allure Report</label>
   <sharedArtifact>false</sharedArtifact>
   <globallyStored>false</globallyStored>
   <type>com.atlassian.bamboo.plugin.artifact.handler.remote:BambooRemoteArtifactHandler</type>
   <size>4817688</size>
   <planResultKey>SAL-QS-JOB1-95</planResultKey>
   <archiverType>0</archiverType>
  </artifact>
  <artifact>
   <id>29163524</id>
   <label>standalonebackend</label>
   <sharedArtifact>true</sharedArtifact>
   <globallyStored>true</globallyStored>
   <type>com.atlassian.bamboo.plugin.artifact.handler.local:ServerLocalArtifactHandler</type>
   <size>118015467</size>
   <planResultKey>NMP-BB-953</planResultKey>
   <archiverType>0</archiverType>
  </artifact>
  <artifact>
   <id>13173850</id>
   <label>Allure Report</label>
   <sharedArtifact>false</sharedArtifact>
   <globallyStored>false</globallyStored>
   <type>com.atlassian.bamboo.plugin.artifact.handler.remote:BambooRemoteArtifactHandler</type>
   <size>0</size>
   <planResultKey>SAL-AOPR-RST-2</planResultKey>
   <archiverType>0</archiverType>
  </artifact>
  <artifact>
   <id>13172798</id>
   <label>integration service</label>
   <sharedArtifact>false</sharedArtifact>
   <globallyStored>false</globallyStored>
   <type>com.atlassian.bamboo.plugin.artifact.handler.local:ServerLocalArtifactHandler</type>
   <size>65063839</size>
   <planResultKey>NMP-BB32-JOB1-3</planResultKey>
   <archiverType>0</archiverType>
  </artifact>
  <artifact>
   <id>13172799</id>
   <label>standalonebackend</label>
   <sharedArtifact>true</sharedArtifact>
   <globallyStored>false</globallyStored>
   <type>com.atlassian.bamboo.plugin.artifact.handler.local:ServerLocalArtifactHandler</type>
   <size>109392610</size>
   <planResultKey>NMP-BB32-3</planResultKey>
   <archiverType>0</archiverType>
  </artifact>
  <artifact>
   <id>13173686</id>
   <label>Allure Report</label>
   <sharedArtifact>false</sharedArtifact>
   <globallyStored>false</globallyStored>
   <type>com.atlassian.bamboo.plugin.artifact.handler.remote:BambooRemoteArtifactHandler</type>
   <size>10061895</size>
   <planResultKey>SAL-AUT-JOB1-33</planResultKey>
   <archiverType>0</archiverType>
  </artifact>
  <artifact>
   <id>10355486</id>
   <label>SF</label>
   <sharedArtifact>true</sharedArtifact>
   <globallyStored>false</globallyStored>
   <type>com.atlassian.bamboo.plugin.artifact.handler.local:ServerLocalArtifactHandler</type>
   <size>46880514</size>
   <planResultKey>SAL-CQS-44</planResultKey>
   <archiverType>0</archiverType>
  </artifact>
  <artifact>
   <id>17957032</id>
   <label>EAI Service Jar</label>
   <sharedArtifact>true</sharedArtifact>
   <globallyStored>true</globallyStored>
   <type>com.atlassian.bamboo.plugin.artifact.handler.local:ServerLocalArtifactHandler</type>
   <size>66278545</size>
   <planResultKey>NMP-BE-127</planResultKey>
   <archiverType>0</archiverType>
  </artifact>
  <artifact>
   <id>26476764</id>
   <label>new-ui-admin</label>
   <sharedArtifact>true</sharedArtifact>
   <globallyStored>false</globallyStored>
   <type>com.atlassian.bamboo.plugin.artifact.handler.local:ServerLocalArtifactHandler</type>
   <size>14137950</size>
   <planResultKey>NMP-BNU90-6</planResultKey>
   <archiverType>0</archiverType>
  </artifact>
  <artifact>
   <id>24347238</id>
   <label>Refund to Nexus Service</label>
   <sharedArtifact>true</sharedArtifact>
   <globallyStored>false</globallyStored>
   <type>com.atlassian.bamboo.plugin.artifact.handler.local:ServerLocalArtifactHandler</type>
   <size>151</size>
   <planResultKey>NMP-BRTN0-5</planResultKey>
   <archiverType>0</archiverType>
  </artifact>
  <artifact>
   <id>10355564</id>
   <label>SF</label>
   <sharedArtifact>true</sharedArtifact>
   <globallyStored>false</globallyStored>
   <type>com.atlassian.bamboo.plugin.artifact.handler.local:ServerLocalArtifactHandler</type>
   <size>47502691</size>
   <planResultKey>SAL-DS-241</planResultKey>
   <archiverType>0</archiverType>
  </artifact>
  <artifact>
   <id>24347389</id>
   <label>reporting transactions jar</label>
   <sharedArtifact>true</sharedArtifact>
   <globallyStored>false</globallyStored>
   <type>com.atlassian.bamboo.plugin.artifact.handler.local:ServerLocalArtifactHandler</type>
   <size>61017382</size>
   <planResultKey>NMP-BRTS1-6</planResultKey>
   <archiverType>0</archiverType>
  </artifact>
  <artifact>
   <id>26476736</id>
   <label>standalonebackend</label>
   <sharedArtifact>true</sharedArtifact>
   <globallyStored>true</globallyStored>
   <type>com.atlassian.bamboo.plugin.artifact.handler.local:ServerLocalArtifactHandler</type>
   <size>117333298</size>
   <planResultKey>NMP-BB-942</planResultKey>
   <archiverType>0</archiverType>
  </artifact>
  <artifact>
   <id>24347777</id>
   <label>SF</label>
   <sharedArtifact>true</sharedArtifact>
   <globallyStored>true</globallyStored>
   <type>com.atlassian.bamboo.plugin.artifact.handler.local:ServerLocalArtifactHandler</type>
   <size>61362845</size>
   <planResultKey>SAL-DS10-300</planResultKey>
   <archiverType>0</archiverType>
  </artifact>
  <artifact>
   <id>29163564</id>
   <label>new-ui-admin</label>
   <sharedArtifact>true</sharedArtifact>
   <globallyStored>false</globallyStored>
   <type>com.atlassian.bamboo.plugin.artifact.handler.local:ServerLocalArtifactHandler</type>
   <size>14157503</size>
   <planResultKey>NMP-BNU96-2</planResultKey>
   <archiverType>0</archiverType>
  </artifact>
  <artifact>
   <id>16253044</id>
   <label>Allure Report</label>
   <sharedArtifact>false</sharedArtifact>
   <globallyStored>false</globallyStored>
   <type>com.atlassian.bamboo.plugin.artifact.handler.remote:BambooRemoteArtifactHandler</type>
   <size>11962942</size>
   <planResultKey>SAL-AOAR-RST-24</planResultKey>
   <archiverType>0</archiverType>
  </artifact>
  <artifact>
   <id>13172881</id>
   <label>coverage report</label>
   <sharedArtifact>false</sharedArtifact>
   <globallyStored>false</globallyStored>
   <type>com.atlassian.bamboo.plugin.artifact.handler.local:ServerLocalArtifactHandler</type>
   <size>113256</size>
   <planResultKey>NMP-UTC-JOB1-478</planResultKey>
   <archiverType>0</archiverType>
  </artifact>
  <artifact>
   <id>10355565</id>
   <label>SF</label>
   <sharedArtifact>true</sharedArtifact>
   <globallyStored>false</globallyStored>
   <type>com.atlassian.bamboo.plugin.artifact.handler.local:ServerLocalArtifactHandler</type>
   <size>47502691</size>
   <planResultKey>SAL-DS-242</planResultKey>
   <archiverType>0</archiverType>
  </artifact>
  <artifact>
   <id>13173153</id>
   <label>EAI Service Jar</label>
   <sharedArtifact>true</sharedArtifact>
   <globallyStored>false</globallyStored>
   <type>com.atlassian.bamboo.plugin.artifact.handler.local:ServerLocalArtifactHandler</type>
   <size>59368250</size>
   <planResultKey>NMP-BE1-2</planResultKey>
   <archiverType>0</archiverType>
  </artifact>
  <artifact>
   <id>29163537</id>
   <label>Verification Storage Service Jar</label>
   <sharedArtifact>true</sharedArtifact>
   <globallyStored>false</globallyStored>
   <type>com.atlassian.bamboo.plugin.artifact.handler.local:ServerLocalArtifactHandler</type>
   <size>52389714</size>
   <planResultKey>NMP-BVS-4</planResultKey>
   <archiverType>0</archiverType>
  </artifact>
  <artifact>
   <id>29163551</id>
   <label>transactions-input service jar</label>
   <sharedArtifact>true</sharedArtifact>
   <globallyStored>false</globallyStored>
   <type>com.atlassian.bamboo.plugin.artifact.handler.local:ServerLocalArtifactHandler</type>
   <size>50404156</size>
   <planResultKey>NMP-TIS-52</planResultKey>
   <archiverType>0</archiverType>
  </artifact>
  <artifact>
   <id>29163578</id>
   <label>SF</label>
   <sharedArtifact>true</sharedArtifact>
   <globallyStored>false</globallyStored>
   <type>com.atlassian.bamboo.plugin.artifact.handler.local:ServerLocalArtifactHandler</type>
   <size>57250913</size>
   <planResultKey>SAL-DS12-149</planResultKey>
   <archiverType>0</archiverType>
  </artifact>
  <artifact>
   <id>10355487</id>
   <label>SF</label>
   <sharedArtifact>true</sharedArtifact>
   <globallyStored>false</globallyStored>
   <type>com.atlassian.bamboo.plugin.artifact.handler.local:ServerLocalArtifactHandler</type>
   <size>46880241</size>
   <planResultKey>SAL-DS-238</planResultKey>
   <archiverType>0</archiverType>
  </artifact>
  <artifact>
   <id>7507936</id>
   <label>SF</label>
   <sharedArtifact>true</sharedArtifact>
   <globallyStored>true</globallyStored>
   <type>com.atlassian.bamboo.plugin.artifact.handler.local:ServerLocalArtifactHandler</type>
   <size>43279241</size>
   <planResultKey>SAL-DS0-863</planResultKey>
   <archiverType>0</archiverType>
  </artifact>
  <artifact>
   <id>10355673</id>
   <label>Allure Report</label>
   <sharedArtifact>false</sharedArtifact>
   <globallyStored>false</globallyStored>
   <type>com.atlassian.bamboo.plugin.artifact.handler.remote:BambooRemoteArtifactHandler</type>
   <size>322902677</size>
   <planResultKey>NMP-TES-JOB1-482</planResultKey>
   <archiverType>0</archiverType>
  </artifact>
  <artifact>
   <id>24346628</id>
   <label>standalonebackend</label>
   <sharedArtifact>true</sharedArtifact>
   <globallyStored>true</globallyStored>
   <type>com.atlassian.bamboo.plugin.artifact.handler.local:ServerLocalArtifactHandler</type>
   <size>112664744</size>
   <planResultKey>NMP-BB-883</planResultKey>
   <archiverType>0</archiverType>
  </artifact>
  <artifact>
   <id>7507977</id>
   <label>SF</label>
   <sharedArtifact>true</sharedArtifact>
   <globallyStored>true</globallyStored>
   <type>com.atlassian.bamboo.plugin.artifact.handler.local:ServerLocalArtifactHandler</type>
   <size>43238715</size>
   <planResultKey>SAL-DS0-866</planResultKey>
   <archiverType>0</archiverType>
  </artifact>
  <artifact>
   <id>24347398</id>
   <label>EAIServiceJar</label>
   <sharedArtifact>true</sharedArtifact>
   <globallyStored>false</globallyStored>
   <type>com.atlassian.bamboo.plugin.artifact.handler.local:ServerLocalArtifactHandler</type>
   <size>66287114</size>
   <planResultKey>NMP-BE2-5</planResultKey>
   <archiverType>0</archiverType>
  </artifact>
  <artifact>
   <id>7507988</id>
   <label>SF</label>
   <sharedArtifact>true</sharedArtifact>
   <globallyStored>true</globallyStored>
   <type>com.atlassian.bamboo.plugin.artifact.handler.local:ServerLocalArtifactHandler</type>
   <size>43238780</size>
   <planResultKey>SAL-DS0-867</planResultKey>
   <archiverType>0</archiverType>
  </artifact>
  <artifact>
   <id>26476666</id>
   <label>transactions-input service jar</label>
   <sharedArtifact>true</sharedArtifact>
   <globallyStored>true</globallyStored>
   <type>com.atlassian.bamboo.plugin.artifact.handler.local:ServerLocalArtifactHandler</type>
   <size>50404133</size>
   <planResultKey>NMP-TIS-48</planResultKey>
   <archiverType>0</archiverType>
  </artifact>
  <artifact>
   <id>24347598</id>
   <label>SF</label>
   <sharedArtifact>true</sharedArtifact>
   <globallyStored>true</globallyStored>
   <type>com.atlassian.bamboo.plugin.artifact.handler.local:ServerLocalArtifactHandler</type>
   <size>61353310</size>
   <planResultKey>SAL-DS10-287</planResultKey>
   <archiverType>0</archiverType>
  </artifact>
  <artifact>
   <id>24347700</id>
   <label>standalonebackend</label>
   <sharedArtifact>true</sharedArtifact>
   <globallyStored>false</globallyStored>
   <type>com.atlassian.bamboo.plugin.artifact.handler.local:ServerLocalArtifactHandler</type>
   <size>114947682</size>
   <planResultKey>NMP-BB157-1</planResultKey>
   <archiverType>0</archiverType>
  </artifact>
  <artifact>
   <id>24347722</id>
   <label>new-ui-admin</label>
   <sharedArtifact>true</sharedArtifact>
   <globallyStored>false</globallyStored>
   <type>com.atlassian.bamboo.plugin.artifact.handler.local:ServerLocalArtifactHandler</type>
   <size>22017287</size>
   <planResultKey>NMP-BNU78-1</planResultKey>
   <archiverType>0</archiverType>
  </artifact>
  <artifact>
   <id>28115331</id>
   <label>new-ui-admin</label>
   <sharedArtifact>true</sharedArtifact>
   <globallyStored>false</globallyStored>
   <type>com.atlassian.bamboo.plugin.artifact.handler.local:ServerLocalArtifactHandler</type>
   <size>14138621</size>
   <planResultKey>NMP-BNU94-1</planResultKey>
   <archiverType>0</archiverType>
  </artifact>
  <artifact>
   <id>13172849</id>
   <label>integration service</label>
   <sharedArtifact>false</sharedArtifact>
   <globallyStored>false</globallyStored>
   <type>com.atlassian.bamboo.plugin.artifact.handler.local:ServerLocalArtifactHandler</type>
   <size>65066844</size>
   <planResultKey>NMP-BB33-JOB1-4</planResultKey>
   <archiverType>0</archiverType>
  </artifact>
  <artifact>
   <id>26476737</id>
   <label>standalonebackend</label>
   <sharedArtifact>true</sharedArtifact>
   <globallyStored>false</globallyStored>
   <type>com.atlassian.bamboo.plugin.artifact.handler.local:ServerLocalArtifactHandler</type>
   <size>117332957</size>
   <planResultKey>NMP-BB178-2</planResultKey>
   <archiverType>0</archiverType>
  </artifact>
  <artifact>
   <id>13172850</id>
   <label>standalonebackend</label>
   <sharedArtifact>true</sharedArtifact>
   <globallyStored>false</globallyStored>
   <type>com.atlassian.bamboo.plugin.artifact.handler.local:ServerLocalArtifactHandler</type>
   <size>109433325</size>
   <planResultKey>NMP-BB33-4</planResultKey>
   <archiverType>0</archiverType>
  </artifact>
  <artifact>
   <id>13173678</id>
   <label>standalonebackend</label>
   <sharedArtifact>true</sharedArtifact>
   <globallyStored>false</globallyStored>
   <type>com.atlassian.bamboo.plugin.artifact.handler.local:ServerLocalArtifactHandler</type>
   <size>108567677</size>
   <planResultKey>NMP-BB73-3</planResultKey>
   <archiverType>0</archiverType>
  </artifact>
  <artifact>
   <id>7504703</id>
   <label>standalonebackend</label>
   <sharedArtifact>true</sharedArtifact>
   <globallyStored>true</globallyStored>
   <type>com.atlassian.bamboo.plugin.artifact.handler.local:ServerLocalArtifactHandler</type>
   <size>91503349</size>
   <planResultKey>NMP-BB-273</planResultKey>
   <archiverType>0</archiverType>
  </artifact>
  <artifact>
   <id>7508183</id>
   <label>Allure Report</label>
   <sharedArtifact>false</sharedArtifact>
   <globallyStored>false</globallyStored>
   <type>com.atlassian.bamboo.plugin.artifact.handler.remote:BambooRemoteArtifactHandler</type>
   <size>1461119</size>
   <planResultKey>NMP-TES4-JOB1-4</planResultKey>
   <archiverType>0</archiverType>
  </artifact>
  <artifact>
   <id>26476756</id>
   <label>SF</label>
   <sharedArtifact>true</sharedArtifact>
   <globallyStored>false</globallyStored>
   <type>com.atlassian.bamboo.plugin.artifact.handler.local:ServerLocalArtifactHandler</type>
   <size>61376077</size>
   <planResultKey>SAL-DS10-316</planResultKey>
   <archiverType>0</archiverType>
  </artifact>
  <artifact>
   <id>13173698</id>
   <label>standalonebackend</label>
   <sharedArtifact>true</sharedArtifact>
   <globallyStored>false</globallyStored>
   <type>com.atlassian.bamboo.plugin.artifact.handler.local:ServerLocalArtifactHandler</type>
   <size>108567716</size>
   <planResultKey>NMP-BB74-1</planResultKey>
   <archiverType>0</archiverType>
  </artifact>
  <artifact>
   <id>24347673</id>
   <label>reporting transactions jar</label>
   <sharedArtifact>true</sharedArtifact>
   <globallyStored>false</globallyStored>
   <type>com.atlassian.bamboo.plugin.artifact.handler.local:ServerLocalArtifactHandler</type>
   <size>62957157</size>
   <planResultKey>NMP-BRTS3-2</planResultKey>
   <archiverType>0</archiverType>
  </artifact>
  <artifact>
   <id>26476648</id>
   <label>APIGateArtifact</label>
   <sharedArtifact>true</sharedArtifact>
   <globallyStored>true</globallyStored>
   <type>com.atlassian.bamboo.plugin.artifact.handler.local:ServerLocalArtifactHandler</type>
   <size>36143797</size>
   <planResultKey>NMP-BAGA-54</planResultKey>
   <archiverType>0</archiverType>
  </artifact>
  <artifact>
   <id>7505137</id>
   <label>standalonebackend</label>
   <sharedArtifact>true</sharedArtifact>
   <globallyStored>false</globallyStored>
   <type>com.atlassian.bamboo.plugin.artifact.handler.local:ServerLocalArtifactHandler</type>
   <size>90653829</size>
   <planResultKey>NMP-TC-2</planResultKey>
   <archiverType>0</archiverType>
  </artifact>
  <artifact>
   <id>7505138</id>
   <label>Backend checksum</label>
   <sharedArtifact>false</sharedArtifact>
   <globallyStored>false</globallyStored>
   <type>com.atlassian.bamboo.plugin.artifact.handler.local:ServerLocalArtifactHandler</type>
   <size>53</size>
   <planResultKey>NMP-TC-JOB1-2</planResultKey>
   <archiverType>0</archiverType>
  </artifact>
  <artifact>
   <id>10355555</id>
   <label>standalonebackend</label>
   <sharedArtifact>true</sharedArtifact>
   <globallyStored>false</globallyStored>
   <type>com.atlassian.bamboo.plugin.artifact.handler.local:ServerLocalArtifactHandler</type>
   <size>109392509</size>
   <planResultKey>NMP-BB32-2</planResultKey>
   <archiverType>0</archiverType>
  </artifact>
  <artifact>
   <id>10355556</id>
   <label>integration service</label>
   <sharedArtifact>true</sharedArtifact>
   <globallyStored>false</globallyStored>
   <type>com.atlassian.bamboo.plugin.artifact.handler.local:ServerLocalArtifactHandler</type>
   <size>65063826</size>
   <planResultKey>NMP-BB32-2</planResultKey>
   <archiverType>0</archiverType>
  </artifact>
  <artifact>
   <id>26476572</id>
   <label>SF</label>
   <sharedArtifact>true</sharedArtifact>
   <globallyStored>true</globallyStored>
   <type>com.atlassian.bamboo.plugin.artifact.handler.local:ServerLocalArtifactHandler</type>
   <size>61372917</size>
   <planResultKey>SAL-DS10-304</planResultKey>
   <archiverType>0</archiverType>
  </artifact>
  <artifact>
   <id>26476765</id>
   <label>Allure Report</label>
   <sharedArtifact>false</sharedArtifact>
   <globallyStored>false</globallyStored>
   <type>com.atlassian.bamboo.plugin.artifact.handler.remote:BambooRemoteArtifactHandler</type>
   <size>1750620</size>
   <planResultKey>NMP-TES2-JOB1-1143</planResultKey>
   <archiverType>0</archiverType>
  </artifact>
  <artifact>
   <id>24347410</id>
   <label>EAIServiceJar</label>
   <sharedArtifact>true</sharedArtifact>
   <globallyStored>false</globallyStored>
   <type>com.atlassian.bamboo.plugin.artifact.handler.local:ServerLocalArtifactHandler</type>
   <size>66288393</size>
   <planResultKey>NMP-BE3-1</planResultKey>
   <archiverType>0</archiverType>
  </artifact>
  <artifact>
   <id>10355632</id>
   <label>Allure Report</label>
   <sharedArtifact>false</sharedArtifact>
   <globallyStored>false</globallyStored>
   <type>com.atlassian.bamboo.plugin.artifact.handler.remote:BambooRemoteArtifactHandler</type>
   <size>413198443</size>
   <planResultKey>NMP-TES-JOB1-481</planResultKey>
   <archiverType>0</archiverType>
  </artifact>
  <artifact>
   <id>29163538</id>
   <label>Refund to Nexus Service</label>
   <sharedArtifact>true</sharedArtifact>
   <globallyStored>false</globallyStored>
   <type>com.atlassian.bamboo.plugin.artifact.handler.local:ServerLocalArtifactHandler</type>
   <size>200</size>
   <planResultKey>NMP-BRTNWV-380</planResultKey>
   <archiverType>0</archiverType>
  </artifact>
  <artifact>
   <id>29163539</id>
   <label>RefundNexus</label>
   <sharedArtifact>true</sharedArtifact>
   <globallyStored>false</globallyStored>
   <type>com.atlassian.bamboo.plugin.artifact.handler.local:ServerLocalArtifactHandler</type>
   <size>64479740</size>
   <planResultKey>NMP-BRTNWV-380</planResultKey>
   <archiverType>0</archiverType>
  </artifact>
  <artifact>
   <id>29163552</id>
   <label>reporting transactions jar</label>
   <sharedArtifact>true</sharedArtifact>
   <globallyStored>false</globallyStored>
   <type>com.atlassian.bamboo.plugin.artifact.handler.local:ServerLocalArtifactHandler</type>
   <size>62965074</size>
   <planResultKey>NMP-BRTS-59</planResultKey>
   <archiverType>0</archiverType>
  </artifact>
  <artifact>
   <id>29163565</id>
   <label>Refund to Nexus Service</label>
   <sharedArtifact>true</sharedArtifact>
   <globallyStored>false</globallyStored>
   <type>com.atlassian.bamboo.plugin.artifact.handler.local:ServerLocalArtifactHandler</type>
   <size>153</size>
   <planResultKey>NMP-BRTN-38</planResultKey>
   <archiverType>0</archiverType>
  </artifact>
  <artifact>
   <id>7508184</id>
   <label>Allure Report</label>
   <sharedArtifact>false</sharedArtifact>
   <globallyStored>false</globallyStored>
   <type>com.atlassian.bamboo.plugin.artifact.handler.remote:BambooRemoteArtifactHandler</type>
   <size>1461128</size>
   <planResultKey>NMP-TES4-JOB1-5</planResultKey>
   <archiverType>0</archiverType>
  </artifact>
  <artifact>
   <id>10355073</id>
   <label>standalonebackend</label>
   <sharedArtifact>true</sharedArtifact>
   <globallyStored>true</globallyStored>
   <type>com.atlassian.bamboo.plugin.artifact.handler.local:ServerLocalArtifactHandler</type>
   <size>109737015</size>
   <planResultKey>NMP-BB31-2</planResultKey>
   <archiverType>0</archiverType>
  </artifact>
  <artifact>
   <id>20152376</id>
   <label>reporting transactions jar</label>
   <sharedArtifact>true</sharedArtifact>
   <globallyStored>true</globallyStored>
   <type>com.atlassian.bamboo.plugin.artifact.handler.local:ServerLocalArtifactHandler</type>
   <size>28667569</size>
   <planResultKey>NMP-BRTS-17</planResultKey>
   <archiverType>0</archiverType>
  </artifact>
  <artifact>
   <id>29163525</id>
   <label>standalonebackend</label>
   <sharedArtifact>true</sharedArtifact>
   <globallyStored>true</globallyStored>
   <type>com.atlassian.bamboo.plugin.artifact.handler.local:ServerLocalArtifactHandler</type>
   <size>118015481</size>
   <planResultKey>NMP-BB-954</planResultKey>
   <archiverType>0</archiverType>
  </artifact>
  <artifact>
   <id>13173167</id>
   <label>EAI Service Jar</label>
   <sharedArtifact>true</sharedArtifact>
   <globallyStored>false</globallyStored>
   <type>com.atlassian.bamboo.plugin.artifact.handler.local:ServerLocalArtifactHandler</type>
   <size>59368411</size>
   <planResultKey>NMP-BE1-3</planResultKey>
   <archiverType>0</archiverType>
  </artifact>
  <artifact>
   <id>7507384</id>
   <label>standalonebackend</label>
   <sharedArtifact>true</sharedArtifact>
   <globallyStored>false</globallyStored>
   <type>com.atlassian.bamboo.plugin.artifact.handler.local:ServerLocalArtifactHandler</type>
   <size>109730564</size>
   <planResultKey>NMP-UBTV-74</planResultKey>
   <archiverType>0</archiverType>
  </artifact>
  <artifact>
   <id>13172882</id>
   <label>SF</label>
   <sharedArtifact>true</sharedArtifact>
   <globallyStored>true</globallyStored>
   <type>com.atlassian.bamboo.plugin.artifact.handler.local:ServerLocalArtifactHandler</type>
   <size>49776828</size>
   <planResultKey>SAL-DS0-1301</planResultKey>
   <archiverType>0</archiverType>
  </artifact>
  <artifact>
   <id>10355310</id>
   <label>SF</label>
   <sharedArtifact>true</sharedArtifact>
   <globallyStored>true</globallyStored>
   <type>com.atlassian.bamboo.plugin.artifact.handler.local:ServerLocalArtifactHandler</type>
   <size>47412456</size>
   <planResultKey>SAL-DS0-1074</planResultKey>
   <archiverType>0</archiverType>
  </artifact>
  <artifact>
   <id>15171595</id>
   <label>zuul-proxy</label>
   <sharedArtifact>true</sharedArtifact>
   <globallyStored>false</globallyStored>
   <type>com.atlassian.bamboo.plugin.artifact.handler.local:ServerLocalArtifactHandler</type>
   <size>33219919</size>
   <planResultKey>NMP-BZ-4</planResultKey>
   <archiverType>0</archiverType>
  </artifact>
  <artifact>
   <id>24347122</id>
   <label>Allure Report</label>
   <sharedArtifact>false</sharedArtifact>
   <globallyStored>false</globallyStored>
   <type>com.atlassian.bamboo.plugin.artifact.handler.remote:BambooRemoteArtifactHandler</type>
   <size>6107032</size>
   <planResultKey>SAL-US-JOB1-31</planResultKey>
   <archiverType>0</archiverType>
  </artifact>
  <artifact>
   <id>28115349</id>
   <label>Account Screening Service Jar</label>
   <sharedArtifact>true</sharedArtifact>
   <globallyStored>false</globallyStored>
   <type>com.atlassian.bamboo.plugin.artifact.handler.local:ServerLocalArtifactHandler</type>
   <size>82186514</size>
   <planResultKey>NMP-BAS-41</planResultKey>
   <archiverType>0</archiverType>
  </artifact>
  <artifact>
   <id>26476738</id>
   <label>standalonebackend</label>
   <sharedArtifact>true</sharedArtifact>
   <globallyStored>false</globallyStored>
   <type>com.atlassian.bamboo.plugin.artifact.handler.local:ServerLocalArtifactHandler</type>
   <size>117333014</size>
   <planResultKey>NMP-BB178-3</planResultKey>
   <archiverType>0</archiverType>
  </artifact>
  <artifact>
   <id>28115332</id>
   <label>SF</label>
   <sharedArtifact>true</sharedArtifact>
   <globallyStored>false</globallyStored>
   <type>com.atlassian.bamboo.plugin.artifact.handler.local:ServerLocalArtifactHandler</type>
   <size>57033227</size>
   <planResultKey>SAL-DS11-19</planResultKey>
   <archiverType>0</archiverType>
  </artifact>
  <artifact>
   <id>26476757</id>
   <label>SF</label>
   <sharedArtifact>true</sharedArtifact>
   <globallyStored>false</globallyStored>
   <type>com.atlassian.bamboo.plugin.artifact.handler.local:ServerLocalArtifactHandler</type>
   <size>61376077</size>
   <planResultKey>SAL-DS10-317</planResultKey>
   <archiverType>0</archiverType>
  </artifact>
  <artifact>
   <id>29163526</id>
   <label>Refund Service Jar</label>
   <sharedArtifact>true</sharedArtifact>
   <globallyStored>false</globallyStored>
   <type>com.atlassian.bamboo.plugin.artifact.handler.local:ServerLocalArtifactHandler</type>
   <size>64480687</size>
   <planResultKey>NMP-BRD2-4</planResultKey>
   <archiverType>0</archiverType>
  </artifact>
  <artifact>
   <id>21757965</id>
   <label>Refund Service Jar</label>
   <sharedArtifact>true</sharedArtifact>
   <globallyStored>false</globallyStored>
   <type>com.atlassian.bamboo.plugin.artifact.handler.local:ServerLocalArtifactHandler</type>
   <size>50980871</size>
   <planResultKey>NMP-BRD0-12</planResultKey>
   <archiverType>0</archiverType>
  </artifact>
  <artifact>
   <id>26476620</id>
   <label>SF</label>
   <sharedArtifact>true</sharedArtifact>
   <globallyStored>true</globallyStored>
   <type>com.atlassian.bamboo.plugin.artifact.handler.local:ServerLocalArtifactHandler</type>
   <size>61373771</size>
   <planResultKey>SAL-DS10-308</planResultKey>
   <archiverType>0</archiverType>
  </artifact>
  <artifact>
   <id>24347703</id>
   <label>new-ui-admin</label>
   <sharedArtifact>true</sharedArtifact>
   <globallyStored>false</globallyStored>
   <type>com.atlassian.bamboo.plugin.artifact.handler.local:ServerLocalArtifactHandler</type>
   <size>14221917</size>
   <planResultKey>NMP-BNU77-1</planResultKey>
   <archiverType>0</archiverType>
  </artifact>
  <artifact>
   <id>17956996</id>
   <label>reporting transactions jar</label>
   <sharedArtifact>true</sharedArtifact>
   <globallyStored>false</globallyStored>
   <type>com.atlassian.bamboo.plugin.artifact.handler.local:ServerLocalArtifactHandler</type>
   <size>28666900</size>
   <planResultKey>NMP-BRTS0-7</planResultKey>
   <archiverType>0</archiverType>
  </artifact>
  <artifact>
   <id>26476668</id>
   <label>new-ui-admin</label>
   <sharedArtifact>true</sharedArtifact>
   <globallyStored>false</globallyStored>
   <type>com.atlassian.bamboo.plugin.artifact.handler.local:ServerLocalArtifactHandler</type>
   <size>14135773</size>
   <planResultKey>NMP-BNU87-1</planResultKey>
   <archiverType>0</archiverType>
  </artifact>
  <artifact>
   <id>26476611</id>
   <label>Account Screening Service Jar</label>
   <sharedArtifact>true</sharedArtifact>
   <globallyStored>true</globallyStored>
   <type>com.atlassian.bamboo.plugin.artifact.handler.local:ServerLocalArtifactHandler</type>
   <size>81691521</size>
   <planResultKey>NMP-BAS0-3</planResultKey>
   <archiverType>0</archiverType>
  </artifact>
  <artifact>
   <id>24347721</id>
   <label>new-ui-admin-ansible</label>
   <sharedArtifact>true</sharedArtifact>
   <globallyStored>false</globallyStored>
   <type>com.atlassian.bamboo.plugin.artifact.handler.local:ServerLocalArtifactHandler</type>
   <size>15901745</size>
   <planResultKey>NMP-BAUWA69-1</planResultKey>
   <archiverType>0</archiverType>
  </artifact>
  <artifact>
   <id>16252998</id>
   <label>Allure Report</label>
   <sharedArtifact>false</sharedArtifact>
   <globallyStored>false</globallyStored>
   <type>com.atlassian.bamboo.plugin.artifact.handler.remote:BambooRemoteArtifactHandler</type>
   <size>11978592</size>
   <planResultKey>SAL-AOAR-RST-23</planResultKey>
   <archiverType>0</archiverType>
  </artifact>
  <artifact>
   <id>23035998</id>
   <label>standalonebackend</label>
   <sharedArtifact>true</sharedArtifact>
   <globallyStored>false</globallyStored>
   <type>com.atlassian.bamboo.plugin.artifact.handler.local:ServerLocalArtifactHandler</type>
   <size>112659735</size>
   <planResultKey>NMP-BB113-1</planResultKey>
   <archiverType>0</archiverType>
  </artifact>
  <artifact>
   <id>29163540</id>
   <label>EAIServiceJar</label>
   <sharedArtifact>true</sharedArtifact>
   <globallyStored>true</globallyStored>
   <type>com.atlassian.bamboo.plugin.artifact.handler.local:ServerLocalArtifactHandler</type>
   <size>66795579</size>
   <planResultKey>NMP-BE-178</planResultKey>
   <archiverType>0</archiverType>
  </artifact>
  <artifact>
   <id>29163566</id>
   <label>Refund Service Jar</label>
   <sharedArtifact>true</sharedArtifact>
   <globallyStored>false</globallyStored>
   <type>com.atlassian.bamboo.plugin.artifact.handler.local:ServerLocalArtifactHandler</type>
   <size>65712966</size>
   <planResultKey>NMP-BRD-63</planResultKey>
   <archiverType>0</archiverType>
  </artifact>
  <artifact>
   <id>29163567</id>
   <label>reporting transactions jar</label>
   <sharedArtifact>true</sharedArtifact>
   <globallyStored>false</globallyStored>
   <type>com.atlassian.bamboo.plugin.artifact.handler.local:ServerLocalArtifactHandler</type>
   <size>62965242</size>
   <planResultKey>NMP-BRTS-60</planResultKey>
   <archiverType>0</archiverType>
  </artifact>
  <artifact>
   <id>26476785</id>
   <label>APIGateArtifact</label>
   <sharedArtifact>true</sharedArtifact>
   <globallyStored>true</globallyStored>
   <type>com.atlassian.bamboo.plugin.artifact.handler.local:ServerLocalArtifactHandler</type>
   <size>36144131</size>
   <planResultKey>NMP-BAGA-58</planResultKey>
   <archiverType>0</archiverType>
  </artifact>
  <artifact>
   <id>24347768</id>
   <label>new-ui-admin</label>
   <sharedArtifact>true</sharedArtifact>
   <globallyStored>false</globallyStored>
   <type>com.atlassian.bamboo.plugin.artifact.handler.local:ServerLocalArtifactHandler</type>
   <size>14245432</size>
   <planResultKey>NMP-BNU80-2</planResultKey>
   <archiverType>0</archiverType>
  </artifact>
  <artifact>
   <id>20152435</id>
   <label>Refund Service Jar</label>
   <sharedArtifact>true</sharedArtifact>
   <globallyStored>false</globallyStored>
   <type>com.atlassian.bamboo.plugin.artifact.handler.local:ServerLocalArtifactHandler</type>
   <size>50973817</size>
   <planResultKey>NMP-BRD0-11</planResultKey>
   <archiverType>0</archiverType>
  </artifact>
  <artifact>
   <id>23036048</id>
   <label>standalonebackend</label>
   <sharedArtifact>true</sharedArtifact>
   <globallyStored>false</globallyStored>
   <type>com.atlassian.bamboo.plugin.artifact.handler.local:ServerLocalArtifactHandler</type>
   <size>108570056</size>
   <planResultKey>NMP-BB71-10</planResultKey>
   <archiverType>0</archiverType>
  </artifact>
  <artifact>
   <id>17956918</id>
   <label>reporting transactions jar</label>
   <sharedArtifact>true</sharedArtifact>
   <globallyStored>false</globallyStored>
   <type>com.atlassian.bamboo.plugin.artifact.handler.local:ServerLocalArtifactHandler</type>
   <size>28665344</size>
   <planResultKey>NMP-BRTS0-3</planResultKey>
   <archiverType>0</archiverType>
  </artifact>
  <artifact>
   <id>26476650</id>
   <label>new-ui-admin</label>
   <sharedArtifact>true</sharedArtifact>
   <globallyStored>false</globallyStored>
   <type>com.atlassian.bamboo.plugin.artifact.handler.local:ServerLocalArtifactHandler</type>
   <size>14137580</size>
   <planResultKey>NMP-BNU86-1</planResultKey>
   <archiverType>0</archiverType>
  </artifact>
  <artifact>
   <id>28115335</id>
   <label>SF</label>
   <sharedArtifact>true</sharedArtifact>
   <globallyStored>false</globallyStored>
   <type>com.atlassian.bamboo.plugin.artifact.handler.local:ServerLocalArtifactHandler</type>
   <size>57036821</size>
   <planResultKey>SAL-DS11-20</planResultKey>
   <archiverType>0</archiverType>
  </artifact>
  <artifact>
   <id>24347140</id>
   <label>Allure Report</label>
   <sharedArtifact>false</sharedArtifact>
   <globallyStored>false</globallyStored>
   <type>com.atlassian.bamboo.plugin.artifact.handler.remote:BambooRemoteArtifactHandler</type>
   <size>5896048</size>
   <planResultKey>SAL-AS-JOB1-28</planResultKey>
   <archiverType>0</archiverType>
  </artifact>
  <artifact>
   <id>17956958</id>
   <label>reporting transactions jar</label>
   <sharedArtifact>true</sharedArtifact>
   <globallyStored>false</globallyStored>
   <type>com.atlassian.bamboo.plugin.artifact.handler.local:ServerLocalArtifactHandler</type>
   <size>28666393</size>
   <planResultKey>NMP-BRTS0-5</planResultKey>
   <archiverType>0</archiverType>
  </artifact>
  <artifact>
   <id>26476612</id>
   <label>Account Screening Service Jar</label>
   <sharedArtifact>true</sharedArtifact>
   <globallyStored>false</globallyStored>
   <type>com.atlassian.bamboo.plugin.artifact.handler.local:ServerLocalArtifactHandler</type>
   <size>81691521</size>
   <planResultKey>NMP-BAS0-4</planResultKey>
   <archiverType>0</archiverType>
  </artifact>
  <artifact>
   <id>28115350</id>
   <label>reporting transactions jar</label>
   <sharedArtifact>true</sharedArtifact>
   <globallyStored>false</globallyStored>
   <type>com.atlassian.bamboo.plugin.artifact.handler.local:ServerLocalArtifactHandler</type>
   <size>62959820</size>
   <planResultKey>NMP-BRTS-56</planResultKey>
   <archiverType>0</archiverType>
  </artifact>
  <artifact>
   <id>24347525</id>
   <label>Allure Report</label>
   <sharedArtifact>false</sharedArtifact>
   <globallyStored>false</globallyStored>
   <type>com.atlassian.bamboo.plugin.artifact.handler.remote:BambooRemoteArtifactHandler</type>
   <size>24759262</size>
   <planResultKey>SAL-AUT1-JOB1-1</planResultKey>
   <archiverType>0</archiverType>
  </artifact>
  <artifact>
   <id>29163527</id>
   <label>Allure Report</label>
   <sharedArtifact>false</sharedArtifact>
   <globallyStored>false</globallyStored>
   <type>com.atlassian.bamboo.plugin.artifact.handler.remote:BambooRemoteArtifactHandler</type>
   <size>1721950</size>
   <planResultKey>NMP-TES2-JOB1-1144</planResultKey>
   <archiverType>0</archiverType>
  </artifact>
  <artifact>
   <id>26476739</id>
   <label>standalonebackend</label>
   <sharedArtifact>true</sharedArtifact>
   <globallyStored>false</globallyStored>
   <type>com.atlassian.bamboo.plugin.artifact.handler.local:ServerLocalArtifactHandler</type>
   <size>117333291</size>
   <planResultKey>NMP-BB179-1</planResultKey>
   <archiverType>0</archiverType>
  </artifact>
  <artifact>
   <id>17957005</id>
   <label>standalonebackend</label>
   <sharedArtifact>true</sharedArtifact>
   <globallyStored>false</globallyStored>
   <type>com.atlassian.bamboo.plugin.artifact.handler.local:ServerLocalArtifactHandler</type>
   <size>112635024</size>
   <planResultKey>NMP-BB102-1</planResultKey>
   <archiverType>0</archiverType>
  </artifact>
  <artifact>
   <id>24346632</id>
   <label>transactions-input service jar</label>
   <sharedArtifact>true</sharedArtifact>
   <globallyStored>false</globallyStored>
   <type>com.atlassian.bamboo.plugin.artifact.handler.local:ServerLocalArtifactHandler</type>
   <size>45351756</size>
   <planResultKey>NMP-TIS3-1</planResultKey>
   <archiverType>0</archiverType>
  </artifact>
  <artifact>
   <id>26476678</id>
   <label>new-ui-admin</label>
   <sharedArtifact>true</sharedArtifact>
   <globallyStored>false</globallyStored>
   <type>com.atlassian.bamboo.plugin.artifact.handler.local:ServerLocalArtifactHandler</type>
   <size>14136923</size>
   <planResultKey>NMP-BNU88-1</planResultKey>
   <archiverType>0</archiverType>
  </artifact>
  <artifact>
   <id>26476696</id>
   <label>transactions-input service jar</label>
   <sharedArtifact>true</sharedArtifact>
   <globallyStored>true</globallyStored>
   <type>com.atlassian.bamboo.plugin.artifact.handler.local:ServerLocalArtifactHandler</type>
   <size>50404157</size>
   <planResultKey>NMP-TIS-50</planResultKey>
   <archiverType>0</archiverType>
  </artifact>
  <artifact>
   <id>24347403</id>
   <label>reporting transactions jar</label>
   <sharedArtifact>true</sharedArtifact>
   <globallyStored>false</globallyStored>
   <type>com.atlassian.bamboo.plugin.artifact.handler.local:ServerLocalArtifactHandler</type>
   <size>61017788</size>
   <planResultKey>NMP-BRTS1-7</planResultKey>
   <archiverType>0</archiverType>
  </artifact>
  <artifact>
   <id>26476630</id>
   <label>Account Screening Service Jar</label>
   <sharedArtifact>true</sharedArtifact>
   <globallyStored>true</globallyStored>
   <type>com.atlassian.bamboo.plugin.artifact.handler.local:ServerLocalArtifactHandler</type>
   <size>81691534</size>
   <planResultKey>NMP-BAS-38</planResultKey>
   <archiverType>0</archiverType>
  </artifact>
  <artifact>
   <id>26476724</id>
   <label>SF</label>
   <sharedArtifact>true</sharedArtifact>
   <globallyStored>false</globallyStored>
   <type>com.atlassian.bamboo.plugin.artifact.handler.local:ServerLocalArtifactHandler</type>
   <size>56724138</size>
   <planResultKey>SAL-DS11-18</planResultKey>
   <archiverType>0</archiverType>
  </artifact>
  <artifact>
   <id>26476558</id>
   <label>Refund to Nexus Service</label>
   <sharedArtifact>true</sharedArtifact>
   <globallyStored>true</globallyStored>
   <type>com.atlassian.bamboo.plugin.artifact.handler.local:ServerLocalArtifactHandler</type>
   <size>153</size>
   <planResultKey>NMP-BRTN-30</planResultKey>
   <archiverType>0</archiverType>
  </artifact>
  <artifact>
   <id>24347229</id>
   <label>Allure Report</label>
   <sharedArtifact>false</sharedArtifact>
   <globallyStored>false</globallyStored>
   <type>com.atlassian.bamboo.plugin.artifact.handler.remote:BambooRemoteArtifactHandler</type>
   <size>6094347</size>
   <planResultKey>SAL-AS-JOB1-29</planResultKey>
   <archiverType>0</archiverType>
  </artifact>
  <artifact>
   <id>24347550</id>
   <label>SF</label>
   <sharedArtifact>true</sharedArtifact>
   <globallyStored>true</globallyStored>
   <type>com.atlassian.bamboo.plugin.artifact.handler.local:ServerLocalArtifactHandler</type>
   <size>61245374</size>
   <planResultKey>SAL-DS10-278</planResultKey>
   <archiverType>0</archiverType>
  </artifact>
  <artifact>
   <id>17956919</id>
   <label>reporting transactions jar</label>
   <sharedArtifact>true</sharedArtifact>
   <globallyStored>false</globallyStored>
   <type>com.atlassian.bamboo.plugin.artifact.handler.local:ServerLocalArtifactHandler</type>
   <size>28666207</size>
   <planResultKey>NMP-BRTS0-4</planResultKey>
   <archiverType>0</archiverType>
  </artifact>
  <artifact>
   <id>24347789</id>
   <label>Verification Storage Service Jar</label>
   <sharedArtifact>true</sharedArtifact>
   <globallyStored>true</globallyStored>
   <type>com.atlassian.bamboo.plugin.artifact.handler.local:ServerLocalArtifactHandler</type>
   <size>45125323</size>
   <planResultKey>NMP-BVS-2</planResultKey>
   <archiverType>0</archiverType>
  </artifact>
  <artifact>
   <id>29163554</id>
   <label>Allure Report</label>
   <sharedArtifact>false</sharedArtifact>
   <globallyStored>false</globallyStored>
   <type>com.atlassian.bamboo.plugin.artifact.handler.remote:BambooRemoteArtifactHandler</type>
   <size>452753478</size>
   <planResultKey>NMP-TES7-JOB1-33</planResultKey>
   <archiverType>0</archiverType>
  </artifact>
  <artifact>
   <id>29163568</id>
   <label>APIGateArtifact</label>
   <sharedArtifact>true</sharedArtifact>
   <globallyStored>false</globallyStored>
   <type>com.atlassian.bamboo.plugin.artifact.handler.local:ServerLocalArtifactHandler</type>
   <size>36144130</size>
   <planResultKey>NMP-BAGA-60</planResultKey>
   <archiverType>0</archiverType>
  </artifact>
  <artifact>
   <id>26476767</id>
   <label>new-ui-admin</label>
   <sharedArtifact>true</sharedArtifact>
   <globallyStored>true</globallyStored>
   <type>com.atlassian.bamboo.plugin.artifact.handler.local:ServerLocalArtifactHandler</type>
   <size>14138350</size>
   <planResultKey>NMP-BNU-136</planResultKey>
   <archiverType>0</archiverType>
  </artifact>
  <artifact>
   <id>24347329</id>
   <label>reporting transactions jar</label>
   <sharedArtifact>true</sharedArtifact>
   <globallyStored>false</globallyStored>
   <type>com.atlassian.bamboo.plugin.artifact.handler.local:ServerLocalArtifactHandler</type>
   <size>61050925</size>
   <planResultKey>NMP-BRTS2-1</planResultKey>
   <archiverType>0</archiverType>
  </artifact>
  <artifact>
   <id>26476592</id>
   <label>Refund to Nexus Service</label>
   <sharedArtifact>true</sharedArtifact>
   <globallyStored>true</globallyStored>
   <type>com.atlassian.bamboo.plugin.artifact.handler.local:ServerLocalArtifactHandler</type>
   <size>153</size>
   <planResultKey>NMP-BRTN-31</planResultKey>
   <archiverType>0</archiverType>
  </artifact>
  <artifact>
   <id>28114962</id>
   <label>SF</label>
   <sharedArtifact>true</sharedArtifact>
   <globallyStored>true</globallyStored>
   <type>com.atlassian.bamboo.plugin.artifact.handler.local:ServerLocalArtifactHandler</type>
   <size>57194737</size>
   <planResultKey>SAL-DS12-128</planResultKey>
   <archiverType>0</archiverType>
  </artifact>
  <artifact>
   <id>28115336</id>
   <label>new-ui-admin</label>
   <sharedArtifact>true</sharedArtifact>
   <globallyStored>false</globallyStored>
   <type>com.atlassian.bamboo.plugin.artifact.handler.local:ServerLocalArtifactHandler</type>
   <size>14138177</size>
   <planResultKey>NMP-BNU-142</planResultKey>
   <archiverType>0</archiverType>
  </artifact>
  <artifact>
   <id>26476759</id>
   <label>SF</label>
   <sharedArtifact>true</sharedArtifact>
   <globallyStored>false</globallyStored>
   <type>com.atlassian.bamboo.plugin.artifact.handler.local:ServerLocalArtifactHandler</type>
   <size>61376077</size>
   <planResultKey>SAL-DS10-318</planResultKey>
   <archiverType>0</archiverType>
  </artifact>
  <artifact>
   <id>29163528</id>
   <label>new-ui-admin</label>
   <sharedArtifact>true</sharedArtifact>
   <globallyStored>false</globallyStored>
   <type>com.atlassian.bamboo.plugin.artifact.handler.local:ServerLocalArtifactHandler</type>
   <size>14138444</size>
   <planResultKey>NMP-BNU96-1</planResultKey>
   <archiverType>0</archiverType>
  </artifact>
  <artifact>
   <id>24347666</id>
   <label>new-ui-admin</label>
   <sharedArtifact>true</sharedArtifact>
   <globallyStored>false</globallyStored>
   <type>com.atlassian.bamboo.plugin.artifact.handler.local:ServerLocalArtifactHandler</type>
   <size>22422458</size>
   <planResultKey>NMP-BNU75-1</planResultKey>
   <archiverType>0</archiverType>
  </artifact>
  <artifact>
   <id>29163555</id>
   <label>SF</label>
   <sharedArtifact>true</sharedArtifact>
   <globallyStored>false</globallyStored>
   <type>com.atlassian.bamboo.plugin.artifact.handler.local:ServerLocalArtifactHandler</type>
   <size>57231056</size>
   <planResultKey>SAL-DS12-147</planResultKey>
   <archiverType>0</archiverType>
  </artifact>
  <artifact>
   <id>29163569</id>
   <label>transactions-input service jar</label>
   <sharedArtifact>true</sharedArtifact>
   <globallyStored>false</globallyStored>
   <type>com.atlassian.bamboo.plugin.artifact.handler.local:ServerLocalArtifactHandler</type>
   <size>50404319</size>
   <planResultKey>NMP-TIS-53</planResultKey>
   <archiverType>0</archiverType>
  </artifact>
  <artifact>
   <id>29163542</id>
   <label>EAIServiceJar</label>
   <sharedArtifact>true</sharedArtifact>
   <globallyStored>true</globallyStored>
   <type>com.atlassian.bamboo.plugin.artifact.handler.local:ServerLocalArtifactHandler</type>
   <size>66795567</size>
   <planResultKey>NMP-BE-179</planResultKey>
   <archiverType>0</archiverType>
  </artifact>
  <artifact>
   <id>26476740</id>
   <label>SF</label>
   <sharedArtifact>true</sharedArtifact>
   <globallyStored>true</globallyStored>
   <type>com.atlassian.bamboo.plugin.artifact.handler.local:ServerLocalArtifactHandler</type>
   <size>56593087</size>
   <planResultKey>SAL-DS12-118</planResultKey>
   <archiverType>0</archiverType>
  </artifact>
  <artifact>
   <id>28115337</id>
   <label>SF</label>
   <sharedArtifact>true</sharedArtifact>
   <globallyStored>false</globallyStored>
   <type>com.atlassian.bamboo.plugin.artifact.handler.local:ServerLocalArtifactHandler</type>
   <size>57036821</size>
   <planResultKey>SAL-DS11-21</planResultKey>
   <archiverType>0</archiverType>
  </artifact>
  <artifact>
   <id>26476623</id>
   <label>Account Screening Service Jar</label>
   <sharedArtifact>true</sharedArtifact>
   <globallyStored>false</globallyStored>
   <type>com.atlassian.bamboo.plugin.artifact.handler.local:ServerLocalArtifactHandler</type>
   <size>81691534</size>
   <planResultKey>NMP-BAS0-5</planResultKey>
   <archiverType>0</archiverType>
  </artifact>
  <artifact>
   <id>24347361</id>
   <label>reporting transactions jar</label>
   <sharedArtifact>true</sharedArtifact>
   <globallyStored>false</globallyStored>
   <type>com.atlassian.bamboo.plugin.artifact.handler.local:ServerLocalArtifactHandler</type>
   <size>61017380</size>
   <planResultKey>NMP-BRTS1-5</planResultKey>
   <archiverType>0</archiverType>
  </artifact>
  <artifact>
   <id>24347362</id>
   <label>standalonebackend</label>
   <sharedArtifact>true</sharedArtifact>
   <globallyStored>false</globallyStored>
   <type>com.atlassian.bamboo.plugin.artifact.handler.local:ServerLocalArtifactHandler</type>
   <size>112689051</size>
   <planResultKey>NMP-BB132-1</planResultKey>
   <archiverType>0</archiverType>
  </artifact>
  <artifact>
   <id>26476552</id>
   <label>new-ui-admin-ansible</label>
   <sharedArtifact>true</sharedArtifact>
   <globallyStored>false</globallyStored>
   <type>com.atlassian.bamboo.plugin.artifact.handler.local:ServerLocalArtifactHandler</type>
   <size>10797119</size>
   <planResultKey>NMP-BAUWA68-6</planResultKey>
   <archiverType>0</archiverType>
  </artifact>
  <artifact>
   <id>26476760</id>
   <label>new-ui-admin</label>
   <sharedArtifact>true</sharedArtifact>
   <globallyStored>true</globallyStored>
   <type>com.atlassian.bamboo.plugin.artifact.handler.local:ServerLocalArtifactHandler</type>
   <size>14137795</size>
   <planResultKey>NMP-BNU90-5</planResultKey>
   <archiverType>0</archiverType>
  </artifact>
  <artifact>
   <id>24347404</id>
   <label>reporting transactions jar</label>
   <sharedArtifact>true</sharedArtifact>
   <globallyStored>false</globallyStored>
   <type>com.atlassian.bamboo.plugin.artifact.handler.local:ServerLocalArtifactHandler</type>
   <size>61017788</size>
   <planResultKey>NMP-BRTS1-8</planResultKey>
   <archiverType>0</archiverType>
  </artifact>
  <artifact>
   <id>26476560</id>
   <label>new-ui-admin</label>
   <sharedArtifact>true</sharedArtifact>
   <globallyStored>false</globallyStored>
   <type>com.atlassian.bamboo.plugin.artifact.handler.local:ServerLocalArtifactHandler</type>
   <size>14229993</size>
   <planResultKey>NMP-BNU77-2</planResultKey>
   <archiverType>0</archiverType>
  </artifact>
  <artifact>
   <id>29163556</id>
   <label>SF</label>
   <sharedArtifact>true</sharedArtifact>
   <globallyStored>false</globallyStored>
   <type>com.atlassian.bamboo.plugin.artifact.handler.local:ServerLocalArtifactHandler</type>
   <size>57765163</size>
   <planResultKey>SAL-DS11-22</planResultKey>
   <archiverType>0</archiverType>
  </artifact>
  <artifact>
   <id>29163570</id>
   <label>Account Screening Service Jar</label>
   <sharedArtifact>true</sharedArtifact>
   <globallyStored>false</globallyStored>
   <type>com.atlassian.bamboo.plugin.artifact.handler.local:ServerLocalArtifactHandler</type>
   <size>275228</size>
   <planResultKey>NMP-BAS-42</planResultKey>
   <archiverType>0</archiverType>
  </artifact>
  <artifact>
   <id>26476680</id>
   <label>Account Screening Service Jar</label>
   <sharedArtifact>true</sharedArtifact>
   <globallyStored>true</globallyStored>
   <type>com.atlassian.bamboo.plugin.artifact.handler.local:ServerLocalArtifactHandler</type>
   <size>82177605</size>
   <planResultKey>NMP-BAS-40</planResultKey>
   <archiverType>0</archiverType>
  </artifact>
  <artifact>
   <id>29163543</id>
   <label>EAIServiceJar</label>
   <sharedArtifact>true</sharedArtifact>
   <globallyStored>true</globallyStored>
   <type>com.atlassian.bamboo.plugin.artifact.handler.local:ServerLocalArtifactHandler</type>
   <size>66795567</size>
   <planResultKey>NMP-BE-180</planResultKey>
   <archiverType>0</archiverType>
  </artifact>
  <artifact>
   <id>28115352</id>
   <label>Refund Service Jar</label>
   <sharedArtifact>true</sharedArtifact>
   <globallyStored>true</globallyStored>
   <type>com.atlassian.bamboo.plugin.artifact.handler.local:ServerLocalArtifactHandler</type>
   <size>64480650</size>
   <planResultKey>NMP-BRD-61</planResultKey>
   <archiverType>0</archiverType>
  </artifact>
  <artifact>
   <id>26476652</id>
   <label>Verification Storage Service Jar</label>
   <sharedArtifact>true</sharedArtifact>
   <globallyStored>true</globallyStored>
   <type>com.atlassian.bamboo.plugin.artifact.handler.local:ServerLocalArtifactHandler</type>
   <size>45126387</size>
   <planResultKey>NMP-BVS-3</planResultKey>
   <archiverType>0</archiverType>
  </artifact>
  <artifact>
   <id>24347493</id>
   <label>standalonebackend</label>
   <sharedArtifact>true</sharedArtifact>
   <globallyStored>false</globallyStored>
   <type>com.atlassian.bamboo.plugin.artifact.handler.local:ServerLocalArtifactHandler</type>
   <size>114927718</size>
   <planResultKey>NMP-BB135-3</planResultKey>
   <archiverType>0</archiverType>
  </artifact>
  <artifact>
   <id>29163529</id>
   <label>SF</label>
   <sharedArtifact>true</sharedArtifact>
   <globallyStored>true</globallyStored>
   <type>com.atlassian.bamboo.plugin.artifact.handler.local:ServerLocalArtifactHandler</type>
   <size>57231355</size>
   <planResultKey>SAL-DS12-144</planResultKey>
   <archiverType>0</archiverType>
  </artifact>
  <artifact>
   <id>24347560</id>
   <label>SF</label>
   <sharedArtifact>true</sharedArtifact>
   <globallyStored>true</globallyStored>
   <type>com.atlassian.bamboo.plugin.artifact.handler.local:ServerLocalArtifactHandler</type>
   <size>61352663</size>
   <planResultKey>SAL-DS10-282</planResultKey>
   <archiverType>0</archiverType>
  </artifact>
  <artifact>
   <id>24347516</id>
   <label>SF</label>
   <sharedArtifact>true</sharedArtifact>
   <globallyStored>true</globallyStored>
   <type>com.atlassian.bamboo.plugin.artifact.handler.local:ServerLocalArtifactHandler</type>
   <size>61243490</size>
   <planResultKey>SAL-DS10-274</planResultKey>
   <archiverType>0</archiverType>
  </artifact>
  <artifact>
   <id>26476708</id>
   <label>APIGateArtifact</label>
   <sharedArtifact>true</sharedArtifact>
   <globallyStored>true</globallyStored>
   <type>com.atlassian.bamboo.plugin.artifact.handler.local:ServerLocalArtifactHandler</type>
   <size>36143938</size>
   <planResultKey>NMP-BAGA-56</planResultKey>
   <archiverType>0</archiverType>
  </artifact>
  <artifact>
   <id>26476594</id>
   <label>Refund Service Jar</label>
   <sharedArtifact>true</sharedArtifact>
   <globallyStored>true</globallyStored>
   <type>com.atlassian.bamboo.plugin.artifact.handler.local:ServerLocalArtifactHandler</type>
   <size>64479494</size>
   <planResultKey>NMP-BRD-55</planResultKey>
   <archiverType>0</archiverType>
  </artifact>
  <artifact>
   <id>28115353</id>
   <label>Allure Report</label>
   <sharedArtifact>false</sharedArtifact>
   <globallyStored>false</globallyStored>
   <type>com.atlassian.bamboo.plugin.artifact.handler.remote:BambooRemoteArtifactHandler</type>
   <size>387731903</size>
   <planResultKey>NMP-TES7-JOB1-29</planResultKey>
   <archiverType>0</archiverType>
  </artifact>
  <artifact>
   <id>29163530</id>
   <label>Allure Report</label>
   <sharedArtifact>false</sharedArtifact>
   <globallyStored>false</globallyStored>
   <type>com.atlassian.bamboo.plugin.artifact.handler.remote:BambooRemoteArtifactHandler</type>
   <size>509372871</size>
   <planResultKey>NMP-TES7-JOB1-30</planResultKey>
   <archiverType>0</archiverType>
  </artifact>
  <artifact>
   <id>29163544</id>
   <label>reporting transactions jar</label>
   <sharedArtifact>true</sharedArtifact>
   <globallyStored>false</globallyStored>
   <type>com.atlassian.bamboo.plugin.artifact.handler.local:ServerLocalArtifactHandler</type>
   <size>62963963</size>
   <planResultKey>NMP-BRTS-58</planResultKey>
   <archiverType>0</archiverType>
  </artifact>
  <artifact>
   <id>29163557</id>
   <label>Allure Report</label>
   <sharedArtifact>false</sharedArtifact>
   <globallyStored>false</globallyStored>
   <type>com.atlassian.bamboo.plugin.artifact.handler.remote:BambooRemoteArtifactHandler</type>
   <size>4622485</size>
   <planResultKey>SAL-QS-JOB1-93</planResultKey>
   <archiverType>0</archiverType>
  </artifact>
  <artifact>
   <id>29163571</id>
   <label>Refund to Nexus Service</label>
   <sharedArtifact>true</sharedArtifact>
   <globallyStored>false</globallyStored>
   <type>com.atlassian.bamboo.plugin.artifact.handler.local:ServerLocalArtifactHandler</type>
   <size>153</size>
   <planResultKey>NMP-BRTN-39</planResultKey>
   <archiverType>0</archiverType>
  </artifact>
  <artifact>
   <id>28115354</id>
   <label>SF</label>
   <sharedArtifact>true</sharedArtifact>
   <globallyStored>true</globallyStored>
   <type>com.atlassian.bamboo.plugin.artifact.handler.local:ServerLocalArtifactHandler</type>
   <size>57226042</size>
   <planResultKey>SAL-DS12-139</planResultKey>
   <archiverType>0</archiverType>
  </artifact>
  <artifact>
   <id>29163531</id>
   <label>Allure Report</label>
   <sharedArtifact>false</sharedArtifact>
   <globallyStored>false</globallyStored>
   <type>com.atlassian.bamboo.plugin.artifact.handler.remote:BambooRemoteArtifactHandler</type>
   <size>89032709</size>
   <planResultKey>SAL-AOQFR-RST-88</planResultKey>
   <archiverType>0</archiverType>
  </artifact>
  <artifact>
   <id>29163545</id>
   <label>SF</label>
   <sharedArtifact>true</sharedArtifact>
   <globallyStored>false</globallyStored>
   <type>com.atlassian.bamboo.plugin.artifact.handler.local:ServerLocalArtifactHandler</type>
   <size>57231363</size>
   <planResultKey>SAL-DS12-145</planResultKey>
   <archiverType>0</archiverType>
  </artifact>
  <artifact>
   <id>29163558</id>
   <label>Allure Report</label>
   <sharedArtifact>false</sharedArtifact>
   <globallyStored>false</globallyStored>
   <type>com.atlassian.bamboo.plugin.artifact.handler.remote:BambooRemoteArtifactHandler</type>
   <size>3442235</size>
   <planResultKey>NMP-TES2-JOB1-1145</planResultKey>
   <archiverType>0</archiverType>
  </artifact>
  <artifact>
   <id>29163572</id>
   <label>Verification Storage Service Jar</label>
   <sharedArtifact>true</sharedArtifact>
   <globallyStored>false</globallyStored>
   <type>com.atlassian.bamboo.plugin.artifact.handler.local:ServerLocalArtifactHandler</type>
   <size>52389898</size>
   <planResultKey>NMP-BVS-5</planResultKey>
   <archiverType>0</archiverType>
  </artifact>
  <artifact>
   <id>28115355</id>
   <label>new-ui-admin</label>
   <sharedArtifact>true</sharedArtifact>
   <globallyStored>false</globallyStored>
   <type>com.atlassian.bamboo.plugin.artifact.handler.local:ServerLocalArtifactHandler</type>
   <size>14137899</size>
   <planResultKey>NMP-BNU90-7</planResultKey>
   <archiverType>0</archiverType>
  </artifact>
  <artifact>
   <id>29163532</id>
   <label>Allure Report</label>
   <sharedArtifact>false</sharedArtifact>
   <globallyStored>false</globallyStored>
   <type>com.atlassian.bamboo.plugin.artifact.handler.remote:BambooRemoteArtifactHandler</type>
   <size>509642271</size>
   <planResultKey>NMP-TES7-JOB1-31</planResultKey>
   <archiverType>0</archiverType>
  </artifact>
  <artifact>
   <id>29163546</id>
   <label>SF</label>
   <sharedArtifact>true</sharedArtifact>
   <globallyStored>false</globallyStored>
   <type>com.atlassian.bamboo.plugin.artifact.handler.local:ServerLocalArtifactHandler</type>
   <size>61376296</size>
   <planResultKey>SAL-DS10-320</planResultKey>
   <archiverType>0</archiverType>
  </artifact>
  <artifact>
   <id>29163559</id>
   <label>Allure Report</label>
   <sharedArtifact>false</sharedArtifact>
   <globallyStored>false</globallyStored>
   <type>com.atlassian.bamboo.plugin.artifact.handler.remote:BambooRemoteArtifactHandler</type>
   <size>5613245</size>
   <planResultKey>SAL-QS-JOB1-94</planResultKey>
   <archiverType>0</archiverType>
  </artifact>
  <artifact>
   <id>29163573</id>
   <label>EAIServiceJar</label>
   <sharedArtifact>true</sharedArtifact>
   <globallyStored>false</globallyStored>
   <type>com.atlassian.bamboo.plugin.artifact.handler.local:ServerLocalArtifactHandler</type>
   <size>66795787</size>
   <planResultKey>NMP-BE-182</planResultKey>
   <archiverType>0</archiverType>
  </artifact>
  <artifact>
   <id>28115324</id>
   <label>SF</label>
   <sharedArtifact>true</sharedArtifact>
   <globallyStored>true</globallyStored>
   <type>com.atlassian.bamboo.plugin.artifact.handler.local:ServerLocalArtifactHandler</type>
   <size>57224974</size>
   <planResultKey>SAL-DS12-134</planResultKey>
   <archiverType>0</archiverType>
  </artifact>
  <artifact>
   <id>29163533</id>
   <label>Allure Report</label>
   <sharedArtifact>false</sharedArtifact>
   <globallyStored>false</globallyStored>
   <type>com.atlassian.bamboo.plugin.artifact.handler.remote:BambooRemoteArtifactHandler</type>
   <size>499453224</size>
   <planResultKey>NMP-TES7-JOB1-32</planResultKey>
   <archiverType>0</archiverType>
  </artifact>
  <artifact>
   <id>29163560</id>
   <label>new-ui-admin</label>
   <sharedArtifact>true</sharedArtifact>
   <globallyStored>false</globallyStored>
   <type>com.atlassian.bamboo.plugin.artifact.handler.local:ServerLocalArtifactHandler</type>
   <size>14256842</size>
   <planResultKey>NMP-BNU100-1</planResultKey>
   <archiverType>0</archiverType>
  </artifact>
  <artifact>
   <id>29163574</id>
   <label>transactions-input service jar</label>
   <sharedArtifact>true</sharedArtifact>
   <globallyStored>false</globallyStored>
   <type>com.atlassian.bamboo.plugin.artifact.handler.local:ServerLocalArtifactHandler</type>
   <size>50404655</size>
   <planResultKey>NMP-TIS-54</planResultKey>
   <archiverType>0</archiverType>
  </artifact>
  <artifact>
   <id>29163547</id>
   <label>standalonebackend</label>
   <sharedArtifact>true</sharedArtifact>
   <globallyStored>true</globallyStored>
   <type>com.atlassian.bamboo.plugin.artifact.handler.local:ServerLocalArtifactHandler</type>
   <size>118015546</size>
   <planResultKey>NMP-BB-955</planResultKey>
   <archiverType>0</archiverType>
  </artifact>
  <artifact>
   <id>28115313</id>
   <label>Refund to Nexus Service</label>
   <sharedArtifact>true</sharedArtifact>
   <globallyStored>false</globallyStored>
   <type>com.atlassian.bamboo.plugin.artifact.handler.local:ServerLocalArtifactHandler</type>
   <size>200</size>
   <planResultKey>NMP-BRTNWV-379</planResultKey>
   <archiverType>0</archiverType>
  </artifact>
  <artifact>
   <id>28115314</id>
   <label>RefundNexus</label>
   <sharedArtifact>true</sharedArtifact>
   <globallyStored>false</globallyStored>
   <type>com.atlassian.bamboo.plugin.artifact.handler.local:ServerLocalArtifactHandler</type>
   <size>64479769</size>
   <planResultKey>NMP-BRTNWV-379</planResultKey>
   <archiverType>0</archiverType>
  </artifact>
  <artifact>
   <id>28115315</id>
   <label>standalonebackend</label>
   <sharedArtifact>true</sharedArtifact>
   <globallyStored>false</globallyStored>
   <type>com.atlassian.bamboo.plugin.artifact.handler.local:ServerLocalArtifactHandler</type>
   <size>117333508</size>
   <planResultKey>NMP-BB181-1</planResultKey>
   <archiverType>0</archiverType>
  </artifact>
  <artifact>
   <id>28115316</id>
   <label>new-ui-admin</label>
   <sharedArtifact>true</sharedArtifact>
   <globallyStored>false</globallyStored>
   <type>com.atlassian.bamboo.plugin.artifact.handler.local:ServerLocalArtifactHandler</type>
   <size>14138552</size>
   <planResultKey>NMP-BNU-141</planResultKey>
   <archiverType>0</archiverType>
  </artifact>
  <artifact>
   <id>26476638</id>
   <label>EAIServiceJar</label>
   <sharedArtifact>true</sharedArtifact>
   <globallyStored>true</globallyStored>
   <type>com.atlassian.bamboo.plugin.artifact.handler.local:ServerLocalArtifactHandler</type>
   <size>66794462</size>
   <planResultKey>NMP-BE-171</planResultKey>
   <archiverType>0</archiverType>
  </artifact>
 </artifacts>
</bamboo>