<?xml version='1.1' encoding='UTF-8' standalone='yes'?>
<bamboo>
 <date>Wed Nov 07 12:33:05 MSK 2018</date>
 <version>6.6.2</version>
 <buildDate>14-Aug-2018</buildDate>
 <build>60606</build>
 <serverID>BIJ0-DZ8E-QJRU-JRPJ</serverID>
 <authors>
  <author>
   <id>786434</id>
   <name>Auto_NWI-NGW_CI &lt;Auto_NWI-NGW_CI@epam.com></name>
   <email>Auto_NWI-NGW_CI@epam.com</email>
  </author>
  <author>
   <id>786437</id>
   <name>Ilia Matveikin &lt;ilia_matveikin@epam.com></name>
   <email>ilia_matveikin@epam.com</email>
   <linkedUser>admin</linkedUser>
  </author>
  <author>
   <id>1998850</id>
   <name>ArturN &lt;nizamutdin.art@yandex.ru></name>
   <email>nizamutdin.art@yandex.ru</email>
  </author>
  <author>
   <id>786436</id>
   <name>Andrey Stolyarov &lt;andrey_stolyarov@epam.com></name>
   <email>andrey_stolyarov@epam.com</email>
   <linkedUser>andrey_stolyarov</linkedUser>
  </author>
  <author>
   <id>786433</id>
   <name>Artur Nizamutdinov &lt;artur_nizamutdinov@epam.com></name>
   <email>artur_nizamutdinov@epam.com</email>
   <linkedUser>artur_nizamutdinov</linkedUser>
  </author>
  <author>
   <id>786439</id>
   <name>Dmitrii_Turlychkin &lt;Dmitrii_Turlychkin@epam.com></name>
   <email>Dmitrii_Turlychkin@epam.com</email>
   <linkedUser>dmitrii_turlychkin</linkedUser>
  </author>
  <author>
   <id>786435</id>
   <name>Ilya Evseev &lt;Ilya_Evseev@epam.com></name>
   <email>Ilya_Evseev@epam.com</email>
   <linkedUser>ilya_evseev</linkedUser>
  </author>
  <author>
   <id>1998849</id>
   <name>Vladimir Karev &lt;vladimir_karev@epam.com></name>
   <email>vladimir_karev@epam.com</email>
   <linkedUser>vladimir_karev</linkedUser>
  </author>
  <author>
   <id>3964929</id>
   <name>Ilya Evseev &lt;ilya_evseev@epam.com></name>
   <email>ilya_evseev@epam.com</email>
   <linkedUser>ilya_evseev</linkedUser>
  </author>
  <author>
   <id>4423681</id>
   <name>EPAM Team Stash ID &lt;Antonl@network.ae></name>
   <email>Antonl@network.ae</email>
  </author>
  <author>
   <id>6881282</id>
   <name>Dzmitry Maksimau &lt;dzmitry_maksimau@epam.com></name>
   <email>dzmitry_maksimau@epam.com</email>
   <linkedUser>dzmitry_maksimau</linkedUser>
  </author>
  <author>
   <id>6881283</id>
   <name>Ludmila Golovenkova &lt;ludmila_golovenkova@epam.com></name>
   <email>ludmila_golovenkova@epam.com</email>
   <linkedUser>ludmila_golovenkova</linkedUser>
  </author>
  <author>
   <id>6881284</id>
   <name>Maksim Karpitski &lt;maksim_karpitski@epam.com></name>
   <email>maksim_karpitski@epam.com</email>
  </author>
  <author>
   <id>6881285</id>
   <name>Kirill_Gorskii &lt;kirill_gorskii@epam.com></name>
   <email>kirill_gorskii@epam.com</email>
  </author>
  <author>
   <id>6881287</id>
   <name>[unknown]</name>
  </author>
  <author>
   <id>8618009</id>
   <name>Aleksei Gorodetckii &lt;Aleksei_Gorodetckii@epam.com></name>
   <email>Aleksei_Gorodetckii@epam.com</email>
  </author>
  <author>
   <id>5013505</id>
   <name>Kirill_Gorskii &lt;Kirill_Gorskii@epam.com></name>
   <email>Kirill_Gorskii@epam.com</email>
  </author>
  <author>
   <id>6881288</id>
   <name>Ludmila Golovenkova &lt;Ludmila_Golovenkova@epam.com></name>
   <email>Ludmila_Golovenkova@epam.com</email>
   <linkedUser>ludmila_golovenkova</linkedUser>
  </author>
  <author>
   <id>6881286</id>
   <name>Anton Solovyev &lt;asoloveyv@edmunds.com></name>
   <email>asoloveyv@edmunds.com</email>
   <linkedUser>anton_soloveyv</linkedUser>
  </author>
  <author>
   <id>6881289</id>
   <name>maxim surov &lt;maxim_surov@epam.com></name>
   <email>maxim_surov@epam.com</email>
  </author>
  <author>
   <id>6881290</id>
   <name>Anton Solovyev &lt;anton_soloveyv@epam.com></name>
   <email>anton_soloveyv@epam.com</email>
   <linkedUser>anton_soloveyv</linkedUser>
  </author>
  <author>
   <id>6881281</id>
   <name>Iurii Palchuk &lt;iurii_palchuk@epam.com></name>
   <email>iurii_palchuk@epam.com</email>
   <linkedUser>iurii_palchuk</linkedUser>
  </author>
  <author>
   <id>8617985</id>
   <name>Nikolai Matveev &lt;Nikolai_Matveev@epam.com></name>
   <email>Nikolai_Matveev@epam.com</email>
   <linkedUser>nikolai_matveev</linkedUser>
  </author>
  <author>
   <id>8617987</id>
   <name>Anna_Anokhina1@epam.com</name>
   <linkedUser>anna_anokhina1</linkedUser>
  </author>
  <author>
   <id>8617988</id>
   <name>Konstantin Silaev &lt;Konstantin_Silaev@epam.com></name>
   <linkedUser>konstantin_silaev</linkedUser>
  </author>
  <author>
   <id>8617990</id>
   <name>Sergei Neginskii &lt;sergei_neginskii@epam.com></name>
   <email>sergei_neginskii@epam.com</email>
  </author>
  <author>
   <id>8617991</id>
   <name>Konstantin Silaev &lt;sialev.ka@gmail.com></name>
   <email>sialev.ka@gmail.com</email>
  </author>
  <author>
   <id>8617993</id>
   <name>Maksim_Karabutov &lt;maksim_karabutov@epam.com></name>
   <email>maksim_karabutov@epam.com</email>
  </author>
  <author>
   <id>8617994</id>
   <name>vmalyavko &lt;Valery_Malyavko@epam.com></name>
   <email>Valery_Malyavko@epam.com</email>
  </author>
  <author>
   <id>8617995</id>
   <name>Valery Malyavko &lt;Valery_Malyavko@epam.com></name>
   <email>Valery_Malyavko@epam.com</email>
   <linkedUser>valery_malyavko</linkedUser>
  </author>
  <author>
   <id>8617989</id>
   <name>Sergei Neginskii &lt;Sergei_Neginskii@epam.com></name>
   <email>Sergei_Neginskii@epam.com</email>
   <linkedUser>sergei_neginsky</linkedUser>
  </author>
  <author>
   <id>8617986</id>
   <name>Liubou Aharodnikava &lt;liubou_aharodnikava@epam.com></name>
   <email>liubou_aharodnikava@epam.com</email>
   <linkedUser>liubou_aharodnikava</linkedUser>
  </author>
  <author>
   <id>8617996</id>
   <name>Ilia_Matveikin &lt;ilia_matveikin@epam.com></name>
   <email>ilia_matveikin@epam.com</email>
   <linkedUser>admin</linkedUser>
  </author>
  <author>
   <id>8617998</id>
   <name>Elena_Mandrika &lt;Elena_Mandrika@epam.com></name>
   <email>Elena_Mandrika@epam.com</email>
  </author>
  <author>
   <id>8617999</id>
   <name>MOSCOW\Anton_Novikov &lt;anton_novikov@epam.com></name>
   <email>anton_novikov@epam.com</email>
   <linkedUser>anton_novikov</linkedUser>
  </author>
  <author>
   <id>8618000</id>
   <name>Raghunandan Beepyata &lt;Raghunandan_Beepyata@epam.com></name>
   <linkedUser>raghunandan_beepyata</linkedUser>
  </author>
  <author>
   <id>8618003</id>
   <name>Valery Malyavko &lt;valery_malyavko@epam.com></name>
   <email>valery_malyavko@epam.com</email>
   <linkedUser>valery_malyavko</linkedUser>
  </author>
  <author>
   <id>8618004</id>
   <name>Andrei Rytik &lt;andrei_rytik@epam.com></name>
   <email>andrei_rytik@epam.com</email>
  </author>
  <author>
   <id>8618005</id>
   <name>Ilia Matveikin &lt;Ilia_Matveikin@epam.com></name>
   <email>Ilia_Matveikin@epam.com</email>
   <linkedUser>admin</linkedUser>
  </author>
  <author>
   <id>8618006</id>
   <name>Denis_Zotkin &lt;denis_zotkin@epam.com></name>
   <email>denis_zotkin@epam.com</email>
  </author>
  <author>
   <id>8617992</id>
   <name>Maksim Karabutov &lt;maksim_karabutov@epam.com></name>
   <email>maksim_karabutov@epam.com</email>
   <linkedUser>maksim_karabutov</linkedUser>
  </author>
  <author>
   <id>8617997</id>
   <name>Dmitrii Konovalov &lt;dmitrii_konovalov@epam.com></name>
   <email>dmitrii_konovalov@epam.com</email>
   <linkedUser>dmitrii_konovalov</linkedUser>
  </author>
  <author>
   <id>8618007</id>
   <name>Kanstantsin Rybin1 &lt;Kanstantsin_Rybin1@epam.com></name>
   <email>Kanstantsin_Rybin1@epam.com</email>
   <linkedUser>kanstantsin_rybin</linkedUser>
  </author>
  <author>
   <id>8618008</id>
   <name>Sergey_Dolgopolov &lt;Sergey_Dolgopolov@epam.com></name>
   <linkedUser>sergey_dolgopolov</linkedUser>
  </author>
  <author>
   <id>8618001</id>
   <name>Andrei Rytik &lt;Andrei_Rytik@epam.com></name>
   <email>Andrei_Rytik@epam.com</email>
   <linkedUser>andrei_rytik</linkedUser>
  </author>
  <author>
   <id>8618002</id>
   <name>Anhelina Maretskaya &lt;Anhelina_Maretskaya@epam.com></name>
   <email>Anhelina_Maretskaya@epam.com</email>
   <linkedUser>anhelina_maretskaya</linkedUser>
  </author>
  <author>
   <id>8618011</id>
   <name>Siarhei_Pryshchepa@epam.com</name>
   <linkedUser>siarhei_pryshchepa</linkedUser>
  </author>
  <author>
   <id>8618012</id>
   <name>Valery_Rudol@epam.com</name>
   <linkedUser>valery_rudol</linkedUser>
  </author>
  <author>
   <id>8618010</id>
   <name>Aliaksei_Lazouski@epam.com</name>
  </author>
  <author>
   <id>11010049</id>
   <name>Aliaksei Lazarouski &lt;aliaksei_lazarouski@epam.com></name>
   <email>aliaksei_lazarouski@epam.com</email>
   <linkedUser>aliaksei_lazarouski</linkedUser>
  </author>
  <author>
   <id>11010050</id>
   <name>MINSK\Kseniya_Pashchuk &lt;Kseniya_Pashchuk@epam.com></name>
   <email>Kseniya_Pashchuk@epam.com</email>
  </author>
  <author>
   <id>11010051</id>
   <name>Vasili Kalanchuk &lt;Vasili_Kalanchuk@epam.com></name>
   <linkedUser>vasili_kalanchuk</linkedUser>
  </author>
  <author>
   <id>11010052</id>
   <name>MOSCOW\Maxim_Chadaev &lt;maxim_chadaev@epam.com></name>
   <email>maxim_chadaev@epam.com</email>
  </author>
  <author>
   <id>11010054</id>
   <name>Vasili Kalanchuk &lt;vasili_kalanchuk@epam.com></name>
   <email>vasili_kalanchuk@epam.com</email>
   <linkedUser>vasili_kalanchuk</linkedUser>
  </author>
  <author>
   <id>11010055</id>
   <name>Uladzimir Krautsou &lt;uladzimir_krautsou@epam.com></name>
   <linkedUser>uladzimir_krautsou</linkedUser>
  </author>
  <author>
   <id>11010056</id>
   <name>Aliaksandr Lembiyeuski &lt;aliaksandr_lembiyeuski@epam.com></name>
   <linkedUser>aliaksandr_lembiyeuski</linkedUser>
  </author>
  <author>
   <id>11010057</id>
   <name>Maksim Yakushevich &lt;Maksim_Yakushevich@epam.com></name>
   <linkedUser>maksim_yakushevich</linkedUser>
  </author>
  <author>
   <id>11010058</id>
   <name>Pavel Hrynchanka &lt;pavel_hrynchanka@epam.com.</name>
   <linkedUser>pavel_hrynchanka</linkedUser>
  </author>
  <author>
   <id>786438</id>
   <name>Roman Kalashnikov &lt;Roman_Kalashnikov@epam.com></name>
   <email>Roman_Kalashnikov@epam.com</email>
  </author>
  <author>
   <id>6881291</id>
   <name>Roman Kalashnikov &lt;roman_kalashnikov@epam.com></name>
   <email>roman_kalashnikov@epam.com</email>
  </author>
  <author>
   <id>11010059</id>
   <name>Siarhei Kutsankou &lt;Siarhei_Kutsankou@epam.com></name>
   <linkedUser>siarhei_kutsankou</linkedUser>
  </author>
  <author>
   <id>11010060</id>
   <name>Bekir Bekirov &lt;Bekir_Bekirov@epam.com></name>
   <linkedUser>bekir_bekirov</linkedUser>
  </author>
  <author>
   <id>11010061</id>
   <name>Dzmitry_Kastjuchenka &lt;Dzmitry_Kastjuchenka@epam.com></name>
   <email>Dzmitry_Kastjuchenka@epam.com</email>
  </author>
  <author>
   <id>11010062</id>
   <name>Anhelina_Maretskaya &lt;Anhelina_Maretskaya@epam.com></name>
   <email>Anhelina_Maretskaya@epam.com</email>
   <linkedUser>anhelina_maretskaya</linkedUser>
  </author>
  <author>
   <id>11010063</id>
   <name>dmitrii_konovalov &lt;dmitrii_konovalov@epam.com></name>
   <email>dmitrii_konovalov@epam.com</email>
   <linkedUser>dmitrii_konovalov</linkedUser>
  </author>
  <author>
   <id>11010064</id>
   <name>Ruslan_Makhmudau &lt;Ruslan_Makhmudau@epam.com></name>
   <email>Ruslan_Makhmudau@epam.com</email>
  </author>
  <author>
   <id>11010065</id>
   <name>Roman Palaznik &lt;Roman_Palaznik@epam.com></name>
   <email>Roman_Palaznik@epam.com</email>
  </author>
  <author>
   <id>11010053</id>
   <name>Maksim Kaluzhonak &lt;Maksim_Kaluzhonak@epam.com></name>
   <email>Maksim_Kaluzhonak@epam.com</email>
   <linkedUser>maksim_kaluzhonak</linkedUser>
  </author>
  <author>
   <id>11010066</id>
   <name>Roman_Yaronskyi@epam.com</name>
   <linkedUser>roman_yaronskyi</linkedUser>
  </author>
  <author>
   <id>11010067</id>
   <name>Anastasiya_Pauliuchuk &lt;anastasia_pauliuchuk@epam.com></name>
   <email>anastasia_pauliuchuk@epam.com</email>
  </author>
  <author>
   <id>11010068</id>
   <name>Uladzislau Kavaliou &lt;Uladzislau_Kavaliou@epam.com></name>
   <email>Uladzislau_Kavaliou@epam.com</email>
  </author>
  <author>
   <id>11010069</id>
   <name>Roman Palaznik &lt;roman_palaznik@epam.com></name>
   <email>roman_palaznik@epam.com</email>
  </author>
  <author>
   <id>11010070</id>
   <name>Bekir_Bekirov &lt;Bekir_Bekirov@epam.com></name>
   <email>Bekir_Bekirov@epam.com</email>
   <linkedUser>bekir_bekirov</linkedUser>
  </author>
  <author>
   <id>11010071</id>
   <name>Vladislav Kovaliov &lt;vladislav_kovaliov@epam.com></name>
   <email>vladislav_kovaliov@epam.com</email>
  </author>
  <author>
   <id>11010072</id>
   <name>Maksim Kaluzhonak &lt;maksim_kaluzhonak@epam.com></name>
   <email>maksim_kaluzhonak@epam.com</email>
   <linkedUser>maksim_kaluzhonak</linkedUser>
  </author>
  <author>
   <id>11010073</id>
   <name>Roman Yaronskyi &lt;roman_yaronskyi@epam.com></name>
   <email>roman_yaronskyi@epam.com</email>
   <linkedUser>roman_yaronskyi</linkedUser>
  </author>
  <author>
   <id>11010074</id>
   <name>Alexander Lembiewski &lt;aliaksandr_lembiyeuski@epam.com></name>
   <email>aliaksandr_lembiyeuski@epam.com</email>
   <linkedUser>aliaksandr_lembiyeuski</linkedUser>
  </author>
  <author>
   <id>11010076</id>
   <name>MINSK\Elena_Mandrika &lt;elena_mandrika@epam.com></name>
   <email>elena_mandrika@epam.com</email>
   <linkedUser>elena_mandrika</linkedUser>
  </author>
  <author>
   <id>11010077</id>
   <name>Pavel Hrynchanka &lt;pavel_hrynchanka@epam.com></name>
   <email>pavel_hrynchanka@epam.com</email>
   <linkedUser>pavel_hrynchanka</linkedUser>
  </author>
  <author>
   <id>11010078</id>
   <name>Bekir_Bekirov &lt;bekir_bekirov@epam.com></name>
   <email>bekir_bekirov@epam.com</email>
   <linkedUser>bekir_bekirov</linkedUser>
  </author>
  <author>
   <id>11010079</id>
   <name>epam_user &lt;Stsiapan_Tsybulski@epam.com></name>
   <email>Stsiapan_Tsybulski@epam.com</email>
  </author>
  <author>
   <id>13991938</id>
   <name>Aliaksandr Famin1 &lt;aliaksandr_famin1@epam.com></name>
   <email>aliaksandr_famin1@epam.com</email>
  </author>
  <author>
   <id>11010075</id>
   <name>Stsiapan Tsybulski &lt;Stsiapan_Tsybulski@epam.com></name>
   <email>Stsiapan_Tsybulski@epam.com</email>
   <linkedUser>stsiapan_tsybulski</linkedUser>
  </author>
  <author>
   <id>13991939</id>
   <name>Uladzimir Krautsou &lt;vladimir.kravtsov@outlook.com></name>
   <email>vladimir.kravtsov@outlook.com</email>
  </author>
  <author>
   <id>13991940</id>
   <name>dzianis_stolnik@epam.com</name>
   <linkedUser>dzianis_stolnik</linkedUser>
  </author>
  <author>
   <id>13991941</id>
   <name>Andrei_Taras &lt;andrei_taras@epam.com></name>
   <email>andrei_taras@epam.com</email>
  </author>
  <author>
   <id>13991942</id>
   <name>Aleh_Tsilko &lt;aleh_tsilko@epam.com></name>
   <email>aleh_tsilko@epam.com</email>
   <linkedUser>alehtsilko62106</linkedUser>
  </author>
  <author>
   <id>13991943</id>
   <name>Praveen Raja &lt;praveen_raja@epam.com></name>
   <email>praveen_raja@epam.com</email>
  </author>
  <author>
   <id>13991944</id>
   <name>Dzianis_Stolnik &lt;Dzianis_Stolnik@epam.com></name>
   <email>Dzianis_Stolnik@epam.com</email>
   <linkedUser>dzianis_stolnik</linkedUser>
  </author>
  <author>
   <id>13991945</id>
   <name>PraveenRaja &lt;praveen_raja@epam.com></name>
   <email>praveen_raja@epam.com</email>
  </author>
  <author>
   <id>13991946</id>
   <name>Kseniya Pashchuk &lt;kseniya_pashchuk@epam.com></name>
   <email>kseniya_pashchuk@epam.com</email>
  </author>
  <author>
   <id>13991947</id>
   <name>Artsiom Sushchenia &lt;Artsiom_Sushchenia@epam.com></name>
   <email>Artsiom_Sushchenia@epam.com</email>
  </author>
  <author>
   <id>13991948</id>
   <name>bntdeep &lt;basushenya@mail.ru></name>
   <email>basushenya@mail.ru</email>
  </author>
  <author>
   <id>13991949</id>
   <name>bntdeep &lt;Artsiom_Sushchenia@epam.com></name>
   <email>Artsiom_Sushchenia@epam.com</email>
  </author>
  <author>
   <id>13991950</id>
   <name>MINSK\Roman_Prytkov &lt;Roman_Prytkov@epam.com></name>
   <email>Roman_Prytkov@epam.com</email>
  </author>
  <author>
   <id>13991951</id>
   <name>Andrei Taras &lt;andrei_taras@epam.com></name>
   <email>andrei_taras@epam.com</email>
  </author>
  <author>
   <id>13991937</id>
   <name>Siarhei.Kharlanau &lt;siarhei.kharlanau@thomsonreuters.com></name>
   <email>siarhei.kharlanau@thomsonreuters.com</email>
  </author>
  <author>
   <id>13991952</id>
   <name>Siarhei Kharlanau &lt;siarhei_kharlanau@epam.com></name>
   <email>siarhei_kharlanau@epam.com</email>
   <linkedUser>siarhei_kharlanau</linkedUser>
  </author>
  <author>
   <id>13991953</id>
   <name>Siarhei_Kharlanau &lt;siarhei_kharlanau@epam.com></name>
   <email>siarhei_kharlanau@epam.com</email>
   <linkedUser>siarhei_kharlanau</linkedUser>
  </author>
  <author>
   <id>13991954</id>
   <name>Siarhei Kutsankou &lt;siarhei_kutsankou@epam.com></name>
   <email>siarhei_kutsankou@epam.com</email>
   <linkedUser>siarhei_kutsankou</linkedUser>
  </author>
  <author>
   <id>13991955</id>
   <name>Sushchenia &lt;Artsiom_Sushchenia@epam.com></name>
   <email>Artsiom_Sushchenia@epam.com</email>
  </author>
  <author>
   <id>13991956</id>
   <name>Andrey Gayduk &lt;Andrey_Gayduk@epam.com></name>
   <email>Andrey_Gayduk@epam.com</email>
  </author>
  <author>
   <id>13991957</id>
   <name>Stsiapan_Tsybulski &lt;Stsiapan_Tsybulski@epam.com></name>
   <email>Stsiapan_Tsybulski@epam.com</email>
   <linkedUser>stsiapan_tsybulski</linkedUser>
  </author>
  <author>
   <id>15663105</id>
   <name>Anastasiya Pauliuchuk &lt;anastasiya_pauliuchuk@epam.com></name>
   <email>anastasiya_pauliuchuk@epam.com</email>
  </author>
  <author>
   <id>17104897</id>
   <name>Vladislav Kovaliov &lt;v.v.kovaliov@gmail.com></name>
   <email>v.v.kovaliov@gmail.com</email>
  </author>
  <author>
   <id>17104898</id>
   <name>Andrey Gayduk &lt;andrey_gayduk@epam.com></name>
   <email>andrey_gayduk@epam.com</email>
  </author>
  <author>
   <id>21135361</id>
   <name>Administrator &lt;rytik_andrey@epam.com></name>
   <email>rytik_andrey@epam.com</email>
  </author>
  <author>
   <id>21135362</id>
   <name>Vikram Mandla &lt;vikram_mandla@epam.com></name>
   <email>vikram_mandla@epam.com</email>
  </author>
  <author>
   <id>21135363</id>
   <name>vikram mandla &lt;vmandla@edmunds.com></name>
   <email>vmandla@edmunds.com</email>
  </author>
  <author>
   <id>21135364</id>
   <name>Anastasiya_Pauliuchuk &lt;anastasiya_pauliuchuk@epam.com></name>
   <email>anastasiya_pauliuchuk@epam.com</email>
  </author>
  <author>
   <id>21135365</id>
   <name>Aleh Tsilko &lt;aleh_tsilko@epam.com></name>
   <email>aleh_tsilko@epam.com</email>
   <linkedUser>alehtsilko62106</linkedUser>
  </author>
  <author>
   <id>25853953</id>
   <name>Kseniya_Pashchuk &lt;kseniya_pashchuk@epam.com></name>
   <email>kseniya_pashchuk@epam.com</email>
  </author>
  <author>
   <id>25853954</id>
   <name>Anastasiya Pauliuchuk &lt;Anastasiya_Pauliuchuk@epam.com></name>
   <email>Anastasiya_Pauliuchuk@epam.com</email>
   <linkedUser>anastasiya_pauliuchuk</linkedUser>
  </author>
  <author>
   <id>25853955</id>
   <name>Nikolay Filippov &lt;nikolay_filippov@epam.com></name>
   <email>nikolay_filippov@epam.com</email>
  </author>
  <author>
   <id>27262977</id>
   <name>Dzmitry Kastjuchenka &lt;dzmitry_kastjuchenka@epam.com></name>
   <email>dzmitry_kastjuchenka@epam.com</email>
  </author>
  <author>
   <id>27262978</id>
   <name>Rytik &lt;andrei_rytik@epam.com></name>
   <email>andrei_rytik@epam.com</email>
   <linkedUser>andrei_rytik</linkedUser>
  </author>
  <author>
   <id>27262979</id>
   <name>Maksim Yakushevich &lt;maksim_yakushevich@epam.com></name>
   <email>maksim_yakushevich@epam.com</email>
   <linkedUser>maksim_yakushevich</linkedUser>
  </author>
  <author>
   <id>27262980</id>
   <name>Aliaksandr Famin &lt;aliaksandr_famin1@epam.com></name>
   <email>aliaksandr_famin1@epam.com</email>
  </author>
  <author>
   <id>27262981</id>
   <name>Rytik &lt;Andrei_rytik@epam.com></name>
   <email>Andrei_rytik@epam.com</email>
   <linkedUser>andrei_rytik</linkedUser>
  </author>
  <author>
   <id>27262982</id>
   <name>Uladzislau_Abmiotka &lt;uladzislau_abmiotka@epam.com></name>
   <email>uladzislau_abmiotka@epam.com</email>
  </author>
  <author>
   <id>27262983</id>
   <name>Roman Prytkov &lt;roman.prytkov@gmail.com></name>
   <email>roman.prytkov@gmail.com</email>
  </author>
  <author>
   <id>27262984</id>
   <name>MINSK\Artsiom_Kniha &lt;artsiom_kniha@epam.com></name>
   <email>artsiom_kniha@epam.com</email>
  </author>
  <author>
   <id>28377089</id>
   <name>Bamboo role account &lt;bamboo@ECSE00100FFD.epam.com></name>
   <email>bamboo@ECSE00100FFD.epam.com</email>
  </author>
  <author>
   <id>28377090</id>
   <name>Aliaksandr Famin1 &lt;Aliaksandr_Famin1@epam.com></name>
   <email>Aliaksandr_Famin1@epam.com</email>
  </author>
  <author>
   <id>30343169</id>
   <name>Pavel_Mikhnevich &lt;pavel_mikhnevich@epam.com></name>
   <email>pavel_mikhnevich@epam.com</email>
   <linkedUser>pavel_mikhnevich</linkedUser>
  </author>
 </authors>
</bamboo>