<?xml version='1.1' encoding='UTF-8' standalone='yes'?>
<bamboo>
 <date>Wed Nov 07 12:33:05 MSK 2018</date>
 <version>6.6.2</version>
 <buildDate>14-Aug-2018</buildDate>
 <build>60606</build>
 <serverID>BIJ0-DZ8E-QJRU-JRPJ</serverID>
 <crowdGroups>
  <group>
   <id>163841</id>
   <name>bamboo-admin</name>
   <createdDate>portable AD 2018-08-21 23:45:06.585 +0300</createdDate>
   <updatedDate>portable AD 2018-08-21 23:45:06.585 +0300</updatedDate>
   <active>true</active>
   <directoryId>65537</directoryId>
   <type>GROUP</type>
  </group>
  <group>
   <id>163846</id>
   <name>bamboo-user</name>
   <createdDate>portable AD 2018-08-21 23:45:06.848 +0300</createdDate>
   <updatedDate>portable AD 2018-08-21 23:45:06.848 +0300</updatedDate>
   <active>true</active>
   <directoryId>65537</directoryId>
   <type>GROUP</type>
  </group>
  <group>
   <id>163842</id>
   <name>devs</name>
   <createdDate>portable AD 2018-08-21 23:45:06.614 +0300</createdDate>
   <updatedDate>portable AD 2018-08-21 23:45:06.614 +0300</updatedDate>
   <active>true</active>
   <directoryId>65537</directoryId>
   <type>GROUP</type>
  </group>
  <group>
   <id>163844</id>
   <name>managers</name>
   <createdDate>portable AD 2018-08-21 23:45:06.780 +0300</createdDate>
   <updatedDate>portable AD 2018-08-21 23:45:06.780 +0300</updatedDate>
   <active>true</active>
   <directoryId>65537</directoryId>
   <type>GROUP</type>
  </group>
  <group>
   <id>163845</id>
   <name>salesforce</name>
   <createdDate>portable AD 2018-08-21 23:45:06.785 +0300</createdDate>
   <updatedDate>portable AD 2018-08-21 23:45:06.785 +0300</updatedDate>
   <active>true</active>
   <directoryId>65537</directoryId>
   <type>GROUP</type>
  </group>
  <group>
   <id>163843</id>
   <name>testers</name>
   <createdDate>portable AD 2018-08-21 23:45:06.747 +0300</createdDate>
   <updatedDate>portable AD 2018-08-21 23:45:06.747 +0300</updatedDate>
   <active>true</active>
   <directoryId>65537</directoryId>
   <type>GROUP</type>
  </group>
 </crowdGroups>
</bamboo>