<?xml version='1.1' encoding='UTF-8' standalone='yes'?>
<bamboo>
 <date>Wed Nov 07 12:33:05 MSK 2018</date>
 <version>6.6.2</version>
 <buildDate>14-Aug-2018</buildDate>
 <build>60606</build>
 <serverID>BIJ0-DZ8E-QJRU-JRPJ</serverID>
 <crowdMemberships>
  <membership>
   <id>196609</id>
   <directoryId>65537</directoryId>
   <parentName>bamboo-admin</parentName>
   <childName>sergey_dolgopolov</childName>
   <parentId>163841</parentId>
   <childId>131098</childId>
   <membershipType>GROUP_USER</membershipType>
   <groupType>GROUP</groupType>
   <createdDate>portable AD 2018-08-21 23:45:06.595 +0300</createdDate>
  </membership>
  <membership>
   <id>196610</id>
   <directoryId>65537</directoryId>
   <parentName>bamboo-admin</parentName>
   <childName>siarhei_kutsankou</childName>
   <parentId>163841</parentId>
   <childId>131107</childId>
   <membershipType>GROUP_USER</membershipType>
   <groupType>GROUP</groupType>
   <createdDate>portable AD 2018-08-21 23:45:06.602 +0300</createdDate>
  </membership>
  <membership>
   <id>196611</id>
   <directoryId>65537</directoryId>
   <parentName>bamboo-admin</parentName>
   <childName>admin</childName>
   <parentId>163841</parentId>
   <childId>131073</childId>
   <membershipType>GROUP_USER</membershipType>
   <groupType>GROUP</groupType>
   <createdDate>portable AD 2018-08-21 23:45:06.607 +0300</createdDate>
  </membership>
  <membership>
   <id>196612</id>
   <directoryId>65537</directoryId>
   <parentName>bamboo-admin</parentName>
   <childName>uladzimir_krautsou</childName>
   <parentId>163841</parentId>
   <childId>131110</childId>
   <membershipType>GROUP_USER</membershipType>
   <groupType>GROUP</groupType>
   <createdDate>portable AD 2018-08-21 23:45:06.613 +0300</createdDate>
  </membership>
  <membership>
   <id>196613</id>
   <directoryId>65537</directoryId>
   <parentName>devs</parentName>
   <childName>maksim_karabutov</childName>
   <parentId>163842</parentId>
   <childId>131095</childId>
   <membershipType>GROUP_USER</membershipType>
   <groupType>GROUP</groupType>
   <createdDate>portable AD 2018-08-21 23:45:06.632 +0300</createdDate>
  </membership>
  <membership>
   <id>196614</id>
   <directoryId>65537</directoryId>
   <parentName>devs</parentName>
   <childName>bekir_bekirov</childName>
   <parentId>163842</parentId>
   <childId>131108</childId>
   <membershipType>GROUP_USER</membershipType>
   <groupType>GROUP</groupType>
   <createdDate>portable AD 2018-08-21 23:45:06.644 +0300</createdDate>
  </membership>
  <membership>
   <id>196615</id>
   <directoryId>65537</directoryId>
   <parentName>devs</parentName>
   <childName>siarhei_kharlanau</childName>
   <parentId>163842</parentId>
   <childId>131117</childId>
   <membershipType>GROUP_USER</membershipType>
   <groupType>GROUP</groupType>
   <createdDate>portable AD 2018-08-21 23:45:06.648 +0300</createdDate>
  </membership>
  <membership>
   <id>196616</id>
   <directoryId>65537</directoryId>
   <parentName>devs</parentName>
   <childName>vladimir_karev</childName>
   <parentId>163842</parentId>
   <childId>131080</childId>
   <membershipType>GROUP_USER</membershipType>
   <groupType>GROUP</groupType>
   <createdDate>portable AD 2018-08-21 23:45:06.652 +0300</createdDate>
  </membership>
  <membership>
   <id>196617</id>
   <directoryId>65537</directoryId>
   <parentName>devs</parentName>
   <childName>liubou_aharodnikava</childName>
   <parentId>163842</parentId>
   <childId>131091</childId>
   <membershipType>GROUP_USER</membershipType>
   <groupType>GROUP</groupType>
   <createdDate>portable AD 2018-08-21 23:45:06.656 +0300</createdDate>
  </membership>
  <membership>
   <id>196618</id>
   <directoryId>65537</directoryId>
   <parentName>devs</parentName>
   <childName>aliaksandr_lembiyeuski</childName>
   <parentId>163842</parentId>
   <childId>131105</childId>
   <membershipType>GROUP_USER</membershipType>
   <groupType>GROUP</groupType>
   <createdDate>portable AD 2018-08-21 23:45:06.674 +0300</createdDate>
  </membership>
  <membership>
   <id>196619</id>
   <directoryId>65537</directoryId>
   <parentName>devs</parentName>
   <childName>roman_palaznik</childName>
   <parentId>163842</parentId>
   <childId>131114</childId>
   <membershipType>GROUP_USER</membershipType>
   <groupType>GROUP</groupType>
   <createdDate>portable AD 2018-08-21 23:45:06.678 +0300</createdDate>
  </membership>
  <membership>
   <id>196620</id>
   <directoryId>65537</directoryId>
   <parentName>devs</parentName>
   <childName>artur_nizamutdinov</childName>
   <parentId>163842</parentId>
   <childId>131077</childId>
   <membershipType>GROUP_USER</membershipType>
   <groupType>GROUP</groupType>
   <createdDate>portable AD 2018-08-21 23:45:06.682 +0300</createdDate>
  </membership>
  <membership>
   <id>196621</id>
   <directoryId>65537</directoryId>
   <parentName>devs</parentName>
   <childName>siarhei_kutsankou</childName>
   <parentId>163842</parentId>
   <childId>131107</childId>
   <membershipType>GROUP_USER</membershipType>
   <groupType>GROUP</groupType>
   <createdDate>portable AD 2018-08-21 23:45:06.686 +0300</createdDate>
  </membership>
  <membership>
   <id>196622</id>
   <directoryId>65537</directoryId>
   <parentName>devs</parentName>
   <childName>elena_mandrika</childName>
   <parentId>163842</parentId>
   <childId>131112</childId>
   <membershipType>GROUP_USER</membershipType>
   <groupType>GROUP</groupType>
   <createdDate>portable AD 2018-08-21 23:45:06.690 +0300</createdDate>
  </membership>
  <membership>
   <id>196623</id>
   <directoryId>65537</directoryId>
   <parentName>devs</parentName>
   <childName>konstantin_silaev</childName>
   <parentId>163842</parentId>
   <childId>131089</childId>
   <membershipType>GROUP_USER</membershipType>
   <groupType>GROUP</groupType>
   <createdDate>portable AD 2018-08-21 23:45:06.693 +0300</createdDate>
  </membership>
  <membership>
   <id>196624</id>
   <directoryId>65537</directoryId>
   <parentName>devs</parentName>
   <childName>pavel_hrynchanka</childName>
   <parentId>163842</parentId>
   <childId>131106</childId>
   <membershipType>GROUP_USER</membershipType>
   <groupType>GROUP</groupType>
   <createdDate>portable AD 2018-08-21 23:45:06.697 +0300</createdDate>
  </membership>
  <membership>
   <id>196625</id>
   <directoryId>65537</directoryId>
   <parentName>devs</parentName>
   <childName>uladzimir_krautsou</childName>
   <parentId>163842</parentId>
   <childId>131110</childId>
   <membershipType>GROUP_USER</membershipType>
   <groupType>GROUP</groupType>
   <createdDate>portable AD 2018-08-21 23:45:06.701 +0300</createdDate>
  </membership>
  <membership>
   <id>196626</id>
   <directoryId>65537</directoryId>
   <parentName>devs</parentName>
   <childName>dmitrii_turlychkin</childName>
   <parentId>163842</parentId>
   <childId>131078</childId>
   <membershipType>GROUP_USER</membershipType>
   <groupType>GROUP</groupType>
   <createdDate>portable AD 2018-08-21 23:45:06.705 +0300</createdDate>
  </membership>
  <membership>
   <id>196627</id>
   <directoryId>65537</directoryId>
   <parentName>devs</parentName>
   <childName>maksim_kaluzhonak</childName>
   <parentId>163842</parentId>
   <childId>131081</childId>
   <membershipType>GROUP_USER</membershipType>
   <groupType>GROUP</groupType>
   <createdDate>portable AD 2018-08-21 23:45:06.708 +0300</createdDate>
  </membership>
  <membership>
   <id>196628</id>
   <directoryId>65537</directoryId>
   <parentName>devs</parentName>
   <childName>vladislav_kovaliov</childName>
   <parentId>163842</parentId>
   <childId>131113</childId>
   <membershipType>GROUP_USER</membershipType>
   <groupType>GROUP</groupType>
   <createdDate>portable AD 2018-08-21 23:45:06.712 +0300</createdDate>
  </membership>
  <membership>
   <id>196629</id>
   <directoryId>65537</directoryId>
   <parentName>devs</parentName>
   <childName>roman_yaronskyi</childName>
   <parentId>163842</parentId>
   <childId>131109</childId>
   <membershipType>GROUP_USER</membershipType>
   <groupType>GROUP</groupType>
   <createdDate>portable AD 2018-08-21 23:45:06.716 +0300</createdDate>
  </membership>
  <membership>
   <id>196630</id>
   <directoryId>65537</directoryId>
   <parentName>devs</parentName>
   <childName>kirill_groskii</childName>
   <parentId>163842</parentId>
   <childId>131083</childId>
   <membershipType>GROUP_USER</membershipType>
   <groupType>GROUP</groupType>
   <createdDate>portable AD 2018-08-21 23:45:06.720 +0300</createdDate>
  </membership>
  <membership>
   <id>196631</id>
   <directoryId>65537</directoryId>
   <parentName>devs</parentName>
   <childName>pavel_mikhnevich</childName>
   <parentId>163842</parentId>
   <childId>131111</childId>
   <membershipType>GROUP_USER</membershipType>
   <groupType>GROUP</groupType>
   <createdDate>portable AD 2018-08-21 23:45:06.723 +0300</createdDate>
  </membership>
  <membership>
   <id>196632</id>
   <directoryId>65537</directoryId>
   <parentName>devs</parentName>
   <childName>stsiapan_tsybulski</childName>
   <parentId>163842</parentId>
   <childId>131116</childId>
   <membershipType>GROUP_USER</membershipType>
   <groupType>GROUP</groupType>
   <createdDate>portable AD 2018-08-21 23:45:06.727 +0300</createdDate>
  </membership>
  <membership>
   <id>196633</id>
   <directoryId>65537</directoryId>
   <parentName>devs</parentName>
   <childName>valery_malyavko</childName>
   <parentId>163842</parentId>
   <childId>131090</childId>
   <membershipType>GROUP_USER</membershipType>
   <groupType>GROUP</groupType>
   <createdDate>portable AD 2018-08-21 23:45:06.731 +0300</createdDate>
  </membership>
  <membership>
   <id>196634</id>
   <directoryId>65537</directoryId>
   <parentName>devs</parentName>
   <childName>andrey_stolyarov</childName>
   <parentId>163842</parentId>
   <childId>131074</childId>
   <membershipType>GROUP_USER</membershipType>
   <groupType>GROUP</groupType>
   <createdDate>portable AD 2018-08-21 23:45:06.735 +0300</createdDate>
  </membership>
  <membership>
   <id>196635</id>
   <directoryId>65537</directoryId>
   <parentName>devs</parentName>
   <childName>nikolai_matveev</childName>
   <parentId>163842</parentId>
   <childId>131086</childId>
   <membershipType>GROUP_USER</membershipType>
   <groupType>GROUP</groupType>
   <createdDate>portable AD 2018-08-21 23:45:06.738 +0300</createdDate>
  </membership>
  <membership>
   <id>196636</id>
   <directoryId>65537</directoryId>
   <parentName>devs</parentName>
   <childName>ilya_evseev</childName>
   <parentId>163842</parentId>
   <childId>131079</childId>
   <membershipType>GROUP_USER</membershipType>
   <groupType>GROUP</groupType>
   <createdDate>portable AD 2018-08-21 23:45:06.742 +0300</createdDate>
  </membership>
  <membership>
   <id>196637</id>
   <directoryId>65537</directoryId>
   <parentName>devs</parentName>
   <childName>maksim_yakushevich</childName>
   <parentId>163842</parentId>
   <childId>131119</childId>
   <membershipType>GROUP_USER</membershipType>
   <groupType>GROUP</groupType>
   <createdDate>portable AD 2018-08-21 23:45:06.745 +0300</createdDate>
  </membership>
  <membership>
   <id>196638</id>
   <directoryId>65537</directoryId>
   <parentName>testers</parentName>
   <childName>vladislav_kovaliov</childName>
   <parentId>163843</parentId>
   <childId>131113</childId>
   <membershipType>GROUP_USER</membershipType>
   <groupType>GROUP</groupType>
   <createdDate>portable AD 2018-08-21 23:45:06.751 +0300</createdDate>
  </membership>
  <membership>
   <id>196639</id>
   <directoryId>65537</directoryId>
   <parentName>testers</parentName>
   <childName>pavel_mikhnevich</childName>
   <parentId>163843</parentId>
   <childId>131111</childId>
   <membershipType>GROUP_USER</membershipType>
   <groupType>GROUP</groupType>
   <createdDate>portable AD 2018-08-21 23:45:06.755 +0300</createdDate>
  </membership>
  <membership>
   <id>196640</id>
   <directoryId>65537</directoryId>
   <parentName>testers</parentName>
   <childName>raghunandan_beepyata</childName>
   <parentId>163843</parentId>
   <childId>131093</childId>
   <membershipType>GROUP_USER</membershipType>
   <groupType>GROUP</groupType>
   <createdDate>portable AD 2018-08-21 23:45:06.758 +0300</createdDate>
  </membership>
  <membership>
   <id>196641</id>
   <directoryId>65537</directoryId>
   <parentName>testers</parentName>
   <childName>elena_mandrika</childName>
   <parentId>163843</parentId>
   <childId>131112</childId>
   <membershipType>GROUP_USER</membershipType>
   <groupType>GROUP</groupType>
   <createdDate>portable AD 2018-08-21 23:45:06.761 +0300</createdDate>
  </membership>
  <membership>
   <id>196642</id>
   <directoryId>65537</directoryId>
   <parentName>testers</parentName>
   <childName>anton_novikov</childName>
   <parentId>163843</parentId>
   <childId>131088</childId>
   <membershipType>GROUP_USER</membershipType>
   <groupType>GROUP</groupType>
   <createdDate>portable AD 2018-08-21 23:45:06.765 +0300</createdDate>
  </membership>
  <membership>
   <id>196643</id>
   <directoryId>65537</directoryId>
   <parentName>testers</parentName>
   <childName>dzianis_stolnik</childName>
   <parentId>163843</parentId>
   <childId>131118</childId>
   <membershipType>GROUP_USER</membershipType>
   <groupType>GROUP</groupType>
   <createdDate>portable AD 2018-08-21 23:45:06.768 +0300</createdDate>
  </membership>
  <membership>
   <id>196644</id>
   <directoryId>65537</directoryId>
   <parentName>testers</parentName>
   <childName>ludmila_golovenkova</childName>
   <parentId>163843</parentId>
   <childId>131076</childId>
   <membershipType>GROUP_USER</membershipType>
   <groupType>GROUP</groupType>
   <createdDate>portable AD 2018-08-21 23:45:06.772 +0300</createdDate>
  </membership>
  <membership>
   <id>196645</id>
   <directoryId>65537</directoryId>
   <parentName>testers</parentName>
   <childName>anna_anokhina1</childName>
   <parentId>163843</parentId>
   <childId>131087</childId>
   <membershipType>GROUP_USER</membershipType>
   <groupType>GROUP</groupType>
   <createdDate>portable AD 2018-08-21 23:45:06.775 +0300</createdDate>
  </membership>
  <membership>
   <id>196646</id>
   <directoryId>65537</directoryId>
   <parentName>testers</parentName>
   <childName>dmitry_kostyashov</childName>
   <parentId>163843</parentId>
   <childId>131075</childId>
   <membershipType>GROUP_USER</membershipType>
   <groupType>GROUP</groupType>
   <createdDate>portable AD 2018-08-21 23:45:06.779 +0300</createdDate>
  </membership>
  <membership>
   <id>196647</id>
   <directoryId>65537</directoryId>
   <parentName>managers</parentName>
   <childName>anton_lashmanov</childName>
   <parentId>163844</parentId>
   <childId>131094</childId>
   <membershipType>GROUP_USER</membershipType>
   <groupType>GROUP</groupType>
   <createdDate>portable AD 2018-08-21 23:45:06.784 +0300</createdDate>
  </membership>
  <membership>
   <id>196648</id>
   <directoryId>65537</directoryId>
   <parentName>salesforce</parentName>
   <childName>kanstantsin_rybin</childName>
   <parentId>163845</parentId>
   <childId>131097</childId>
   <membershipType>GROUP_USER</membershipType>
   <groupType>GROUP</groupType>
   <createdDate>portable AD 2018-08-21 23:45:06.790 +0300</createdDate>
  </membership>
  <membership>
   <id>196649</id>
   <directoryId>65537</directoryId>
   <parentName>salesforce</parentName>
   <childName>aliaksei_lazarouski</childName>
   <parentId>163845</parentId>
   <childId>131103</childId>
   <membershipType>GROUP_USER</membershipType>
   <groupType>GROUP</groupType>
   <createdDate>portable AD 2018-08-21 23:45:06.793 +0300</createdDate>
  </membership>
  <membership>
   <id>196650</id>
   <directoryId>65537</directoryId>
   <parentName>salesforce</parentName>
   <childName>siarhei_kharlanau</childName>
   <parentId>163845</parentId>
   <childId>131117</childId>
   <membershipType>GROUP_USER</membershipType>
   <groupType>GROUP</groupType>
   <createdDate>portable AD 2018-08-21 23:45:06.796 +0300</createdDate>
  </membership>
  <membership>
   <id>196651</id>
   <directoryId>65537</directoryId>
   <parentName>salesforce</parentName>
   <childName>anton_soloveyv</childName>
   <parentId>163845</parentId>
   <childId>131084</childId>
   <membershipType>GROUP_USER</membershipType>
   <groupType>GROUP</groupType>
   <createdDate>portable AD 2018-08-21 23:45:06.800 +0300</createdDate>
  </membership>
  <membership>
   <id>196652</id>
   <directoryId>65537</directoryId>
   <parentName>salesforce</parentName>
   <childName>dzmitry_maksimau</childName>
   <parentId>163845</parentId>
   <childId>131082</childId>
   <membershipType>GROUP_USER</membershipType>
   <groupType>GROUP</groupType>
   <createdDate>portable AD 2018-08-21 23:45:06.803 +0300</createdDate>
  </membership>
  <membership>
   <id>196653</id>
   <directoryId>65537</directoryId>
   <parentName>salesforce</parentName>
   <childName>liubou_aharodnikava</childName>
   <parentId>163845</parentId>
   <childId>131091</childId>
   <membershipType>GROUP_USER</membershipType>
   <groupType>GROUP</groupType>
   <createdDate>portable AD 2018-08-21 23:45:06.807 +0300</createdDate>
  </membership>
  <membership>
   <id>196654</id>
   <directoryId>65537</directoryId>
   <parentName>salesforce</parentName>
   <childName>andrei_rytik</childName>
   <parentId>163845</parentId>
   <childId>131099</childId>
   <membershipType>GROUP_USER</membershipType>
   <groupType>GROUP</groupType>
   <createdDate>portable AD 2018-08-21 23:45:06.810 +0300</createdDate>
  </membership>
  <membership>
   <id>196655</id>
   <directoryId>65537</directoryId>
   <parentName>salesforce</parentName>
   <childName>vasili_kalanchuk</childName>
   <parentId>163845</parentId>
   <childId>131104</childId>
   <membershipType>GROUP_USER</membershipType>
   <groupType>GROUP</groupType>
   <createdDate>portable AD 2018-08-21 23:45:06.815 +0300</createdDate>
  </membership>
  <membership>
   <id>196656</id>
   <directoryId>65537</directoryId>
   <parentName>salesforce</parentName>
   <childName>siarhei_pryshchepa</childName>
   <parentId>163845</parentId>
   <childId>131101</childId>
   <membershipType>GROUP_USER</membershipType>
   <groupType>GROUP</groupType>
   <createdDate>portable AD 2018-08-21 23:45:06.820 +0300</createdDate>
  </membership>
  <membership>
   <id>196657</id>
   <directoryId>65537</directoryId>
   <parentName>salesforce</parentName>
   <childName>sergei_neginsky</childName>
   <parentId>163845</parentId>
   <childId>131092</childId>
   <membershipType>GROUP_USER</membershipType>
   <groupType>GROUP</groupType>
   <createdDate>portable AD 2018-08-21 23:45:06.834 +0300</createdDate>
  </membership>
  <membership>
   <id>196658</id>
   <directoryId>65537</directoryId>
   <parentName>salesforce</parentName>
   <childName>dmitrii_konovalov</childName>
   <parentId>163845</parentId>
   <childId>131096</childId>
   <membershipType>GROUP_USER</membershipType>
   <groupType>GROUP</groupType>
   <createdDate>portable AD 2018-08-21 23:45:06.837 +0300</createdDate>
  </membership>
  <membership>
   <id>196659</id>
   <directoryId>65537</directoryId>
   <parentName>salesforce</parentName>
   <childName>iurii_palchuk</childName>
   <parentId>163845</parentId>
   <childId>131085</childId>
   <membershipType>GROUP_USER</membershipType>
   <groupType>GROUP</groupType>
   <createdDate>portable AD 2018-08-21 23:45:06.841 +0300</createdDate>
  </membership>
  <membership>
   <id>196660</id>
   <directoryId>65537</directoryId>
   <parentName>salesforce</parentName>
   <childName>valery_rudol</childName>
   <parentId>163845</parentId>
   <childId>131102</childId>
   <membershipType>GROUP_USER</membershipType>
   <groupType>GROUP</groupType>
   <createdDate>portable AD 2018-08-21 23:45:06.844 +0300</createdDate>
  </membership>
  <membership>
   <id>196661</id>
   <directoryId>65537</directoryId>
   <parentName>salesforce</parentName>
   <childName>anhelina_maretskaya</childName>
   <parentId>163845</parentId>
   <childId>131100</childId>
   <membershipType>GROUP_USER</membershipType>
   <groupType>GROUP</groupType>
   <createdDate>portable AD 2018-08-21 23:45:06.847 +0300</createdDate>
  </membership>
  <membership>
   <id>196662</id>
   <directoryId>65537</directoryId>
   <parentName>bamboo-user</parentName>
   <childName>roman_palaznik</childName>
   <parentId>163846</parentId>
   <childId>131114</childId>
   <membershipType>GROUP_USER</membershipType>
   <groupType>GROUP</groupType>
   <createdDate>portable AD 2018-08-21 23:45:06.852 +0300</createdDate>
  </membership>
  <membership>
   <id>196663</id>
   <directoryId>65537</directoryId>
   <parentName>bamboo-user</parentName>
   <childName>vladislav_kovaliov</childName>
   <parentId>163846</parentId>
   <childId>131113</childId>
   <membershipType>GROUP_USER</membershipType>
   <groupType>GROUP</groupType>
   <createdDate>portable AD 2018-08-21 23:45:06.856 +0300</createdDate>
  </membership>
  <membership>
   <id>196664</id>
   <directoryId>65537</directoryId>
   <parentName>bamboo-user</parentName>
   <childName>alehtsilko62106</childName>
   <parentId>163846</parentId>
   <childId>131115</childId>
   <membershipType>GROUP_USER</membershipType>
   <groupType>GROUP</groupType>
   <createdDate>portable AD 2018-08-21 23:45:06.859 +0300</createdDate>
  </membership>
  <membership>
   <id>196665</id>
   <directoryId>65537</directoryId>
   <parentName>bamboo-user</parentName>
   <childName>pavel_mikhnevich</childName>
   <parentId>163846</parentId>
   <childId>131111</childId>
   <membershipType>GROUP_USER</membershipType>
   <groupType>GROUP</groupType>
   <createdDate>portable AD 2018-08-21 23:45:06.862 +0300</createdDate>
  </membership>
  <membership>
   <id>196666</id>
   <directoryId>65537</directoryId>
   <parentName>bamboo-user</parentName>
   <childName>elena_mandrika</childName>
   <parentId>163846</parentId>
   <childId>131112</childId>
   <membershipType>GROUP_USER</membershipType>
   <groupType>GROUP</groupType>
   <createdDate>portable AD 2018-08-21 23:45:06.865 +0300</createdDate>
  </membership>
  <membership>
   <id>196667</id>
   <directoryId>65537</directoryId>
   <parentName>bamboo-user</parentName>
   <childName>dzianis_stolnik</childName>
   <parentId>163846</parentId>
   <childId>131118</childId>
   <membershipType>GROUP_USER</membershipType>
   <groupType>GROUP</groupType>
   <createdDate>portable AD 2018-08-21 23:45:06.869 +0300</createdDate>
  </membership>
  <membership>
   <id>196668</id>
   <directoryId>65537</directoryId>
   <parentName>bamboo-user</parentName>
   <childName>dmitrii_konovalov</childName>
   <parentId>163846</parentId>
   <childId>131096</childId>
   <membershipType>GROUP_USER</membershipType>
   <groupType>GROUP</groupType>
   <createdDate>portable AD 2018-08-21 23:45:06.872 +0300</createdDate>
  </membership>
  <membership>
   <id>196669</id>
   <directoryId>65537</directoryId>
   <parentName>bamboo-user</parentName>
   <childName>maksim_yakushevich</childName>
   <parentId>163846</parentId>
   <childId>131119</childId>
   <membershipType>GROUP_USER</membershipType>
   <groupType>GROUP</groupType>
   <createdDate>portable AD 2018-08-21 23:45:06.875 +0300</createdDate>
  </membership>
  <membership>
   <id>21233665</id>
   <directoryId>65537</directoryId>
   <parentName>devs</parentName>
   <childName>anastasiya_pauliuchuk</childName>
   <parentId>163842</parentId>
   <childId>21200897</childId>
   <membershipType>GROUP_USER</membershipType>
   <groupType>GROUP</groupType>
   <createdDate>portable AD 2018-09-06 11:15:11.364 +0300</createdDate>
  </membership>
  <membership>
   <id>21233666</id>
   <directoryId>65537</directoryId>
   <parentName>salesforce</parentName>
   <childName>anastasiya_pauliuchuk</childName>
   <parentId>163845</parentId>
   <childId>21200897</childId>
   <membershipType>GROUP_USER</membershipType>
   <groupType>GROUP</groupType>
   <createdDate>portable AD 2018-09-06 11:15:19.598 +0300</createdDate>
  </membership>
  <membership>
   <id>21233667</id>
   <directoryId>65537</directoryId>
   <parentName>devs</parentName>
   <childName>andrey_gayduk</childName>
   <parentId>163842</parentId>
   <childId>21200898</childId>
   <membershipType>GROUP_USER</membershipType>
   <groupType>GROUP</groupType>
   <createdDate>portable AD 2018-09-07 10:46:48.367 +0300</createdDate>
  </membership>
 </crowdMemberships>
</bamboo>