<?xml version='1.1' encoding='UTF-8' standalone='yes'?>
<bamboo>
 <date>Wed Nov 07 12:33:05 MSK 2018</date>
 <version>6.6.2</version>
 <buildDate>14-Aug-2018</buildDate>
 <build>60606</build>
 <serverID>BIJ0-DZ8E-QJRU-JRPJ</serverID>
 <crowdUsers>
  <user>
   <id>131073</id>
   <name>admin</name>
   <createdDate>portable AD 2018-08-21 23:45:06.293 +0300</createdDate>
   <updatedDate>portable AD 2018-09-18 15:49:03.101 +0300</updatedDate>
   <active>true</active>
   <directoryId>65537</directoryId>
   <firstName>Ilia</firstName>
   <lastName>Matveikin</lastName>
   <displayName>Ilia Matveikin</displayName>
   <email>ilia_matveikin@epam.com</email>
   <credential>{PKCS5S2}4ZdM7iUzWfvhMzPNU0D200DFqLZU1U9a8jlCVwsvPspwk/2VBr0HyQHl1ny0dBW8</credential>
   <attributes>
    <attribute>
     <id>14843905</id>
     <name>requiresPasswordChange</name>
     <value>false</value>
    </attribute>
    <attribute>
     <id>14843907</id>
     <name>lastAuthenticated</name>
     <value>1541507828647</value>
    </attribute>
    <attribute>
     <id>25264132</id>
     <name>passwordLastChanged</name>
     <value>1537274943101</value>
    </attribute>
    <attribute>
     <id>14843906</id>
     <name>invalidPasswordAttempts</name>
     <value>0</value>
    </attribute>
   </attributes>
  </user>
  <user>
   <id>131115</id>
   <name>alehtsilko62106</name>
   <createdDate>portable AD 2018-08-21 23:45:06.562 +0300</createdDate>
   <updatedDate>portable AD 2018-08-21 23:45:06.562 +0300</updatedDate>
   <active>true</active>
   <directoryId>65537</directoryId>
   <firstName>ALEH</firstName>
   <lastName>TSILKO</lastName>
   <displayName>ALEH TSILKO</displayName>
   <email>aleh_tsilko@epam.com</email>
   <credential>{PKCS5S2}mRceetmIi++C3pgpSUnaZN4o4XuELBwlw3QvkEQM7jvL+CKTHjiZWUsVlcXSksmP</credential>
  </user>
  <user>
   <id>131105</id>
   <name>aliaksandr_lembiyeuski</name>
   <createdDate>portable AD 2018-08-21 23:45:06.497 +0300</createdDate>
   <updatedDate>portable AD 2018-08-21 23:45:06.497 +0300</updatedDate>
   <active>true</active>
   <directoryId>65537</directoryId>
   <firstName>Aliaksandr</firstName>
   <lastName>Lembiyeuski</lastName>
   <displayName>Aliaksandr Lembiyeuski</displayName>
   <email>aliaksandr_lembiyeuski@epam.com</email>
   <credential>{PKCS5S2}/UPZdrQq8NEQcWFlIOzqZG+AShSTSLM8htPFQsbOgX0TKxetOGfNh7J2pEPO/omx</credential>
   <attributes>
    <attribute>
     <id>16318483</id>
     <name>requiresPasswordChange</name>
     <value>false</value>
    </attribute>
    <attribute>
     <id>16318485</id>
     <name>lastAuthenticated</name>
     <value>1540566272316</value>
    </attribute>
    <attribute>
     <id>16318484</id>
     <name>invalidPasswordAttempts</name>
     <value>0</value>
    </attribute>
   </attributes>
  </user>
  <user>
   <id>131103</id>
   <name>aliaksei_lazarouski</name>
   <createdDate>portable AD 2018-08-21 23:45:06.490 +0300</createdDate>
   <updatedDate>portable AD 2018-08-21 23:45:06.490 +0300</updatedDate>
   <active>true</active>
   <directoryId>65537</directoryId>
   <firstName>Aliaksei</firstName>
   <lastName>Lazarouski</lastName>
   <displayName>Aliaksei Lazarouski</displayName>
   <email>Aliaksei_Lazarouski@epam.com</email>
   <credential>{PKCS5S2}pEFPLZEbjiX3nhWqN1ha/5Pcgc8jic8Quchk2U5M5yATwjKeEk4NWFg14MGzUi3Y</credential>
  </user>
  <user>
   <id>21200897</id>
   <name>anastasiya_pauliuchuk</name>
   <createdDate>portable AD 2018-09-06 11:14:59.383 +0300</createdDate>
   <updatedDate>portable AD 2018-09-06 11:14:59.383 +0300</updatedDate>
   <active>true</active>
   <directoryId>65537</directoryId>
   <firstName>Anastasiya</firstName>
   <lastName>Pauliuchuk</lastName>
   <displayName>Anastasiya Pauliuchuk</displayName>
   <email>anastasiya_pauliuchuk@epam.com</email>
   <externalId>9a3aad1b-7747-4bc2-b924-29f835ae1cac</externalId>
   <credential>{PKCS5S2}kQBsz0DHvUAmCbNrq2oR+qAXhmPM7dPqKCg251M6DIZFgSuEiMxld8bx3Wh2Ww9s</credential>
   <attributes>
    <attribute>
     <id>20316177</id>
     <name>invalidPasswordAttempts</name>
     <value>0</value>
    </attribute>
    <attribute>
     <id>20316179</id>
     <name>lastAuthenticated</name>
     <value>1541488351522</value>
    </attribute>
    <attribute>
     <id>20316176</id>
     <name>requiresPasswordChange</name>
     <value>false</value>
    </attribute>
    <attribute>
     <id>20316178</id>
     <name>passwordLastChanged</name>
     <value>1536221699394</value>
    </attribute>
   </attributes>
  </user>
  <user>
   <id>131099</id>
   <name>andrei_rytik</name>
   <createdDate>portable AD 2018-08-21 23:45:06.475 +0300</createdDate>
   <updatedDate>portable AD 2018-08-21 23:45:06.475 +0300</updatedDate>
   <active>true</active>
   <directoryId>65537</directoryId>
   <firstName>Andrei</firstName>
   <lastName>Rytik</lastName>
   <displayName>Andrei Rytik</displayName>
   <email>Andrei_Rytik@epam.com</email>
   <credential>{PKCS5S2}XauEQtcdzvwTD/zWZQwafMwc9idiG51EuTBI4tAiFv9HmwyDuNCTryYiVGT5rC5S</credential>
  </user>
  <user>
   <id>21200898</id>
   <name>andrey_gayduk</name>
   <createdDate>portable AD 2018-09-07 10:46:36.916 +0300</createdDate>
   <updatedDate>portable AD 2018-09-07 10:46:36.916 +0300</updatedDate>
   <active>true</active>
   <directoryId>65537</directoryId>
   <firstName>Andrey</firstName>
   <lastName>Gayduk</lastName>
   <displayName>Andrey Gayduk</displayName>
   <email>Andrey_Gayduk@epam.com</email>
   <externalId>4e9a22fb-2fd7-4d0b-9486-e04917d8e170</externalId>
   <credential>{PKCS5S2}5eZJOqPIhP7MULzHH2UQ55Dtz6bWFgWrkRHA7MtoI4h3oVySBZ3fGyw4OvTP7jb2</credential>
   <attributes>
    <attribute>
     <id>20316181</id>
     <name>invalidPasswordAttempts</name>
     <value>0</value>
    </attribute>
    <attribute>
     <id>20316180</id>
     <name>requiresPasswordChange</name>
     <value>false</value>
    </attribute>
    <attribute>
     <id>20316182</id>
     <name>passwordLastChanged</name>
     <value>1536306396994</value>
    </attribute>
    <attribute>
     <id>20316183</id>
     <name>lastAuthenticated</name>
     <value>1540381141447</value>
    </attribute>
   </attributes>
  </user>
  <user>
   <id>131074</id>
   <name>andrey_stolyarov</name>
   <createdDate>portable AD 2018-08-21 23:45:06.307 +0300</createdDate>
   <updatedDate>portable AD 2018-08-21 23:45:06.307 +0300</updatedDate>
   <active>true</active>
   <directoryId>65537</directoryId>
   <firstName>Andrey</firstName>
   <lastName>Stolyarov</lastName>
   <displayName>Andrey Stolyarov</displayName>
   <email>andrey_stolyarov@epam.com</email>
   <credential>{PKCS5S2}EFgzl7O6bxdSbkTLQ73e+vI2pDJ1lSt6F2KrRZKamPBTk2iey2XWe773AlZFCaT+</credential>
  </user>
  <user>
   <id>131100</id>
   <name>anhelina_maretskaya</name>
   <createdDate>portable AD 2018-08-21 23:45:06.479 +0300</createdDate>
   <updatedDate>portable AD 2018-09-04 12:30:33.591 +0300</updatedDate>
   <active>true</active>
   <directoryId>65537</directoryId>
   <firstName>Darth</firstName>
   <lastName>Vader</lastName>
   <displayName>Darth Vader</displayName>
   <email>Anhelina_Maretskaya@epam.com</email>
   <credential>{PKCS5S2}xWRUkzyG3kODsfl6uZRu0NgOa1+hYQGgFKA9isR/93aIz3egTjnFLFb8sKlDpYsO</credential>
   <attributes>
    <attribute>
     <id>14843912</id>
     <name>invalidPasswordAttempts</name>
     <value>0</value>
    </attribute>
    <attribute>
     <id>14843913</id>
     <name>lastAuthenticated</name>
     <value>1541152231013</value>
    </attribute>
    <attribute>
     <id>14843911</id>
     <name>requiresPasswordChange</name>
     <value>false</value>
    </attribute>
   </attributes>
  </user>
  <user>
   <id>131087</id>
   <name>anna_anokhina1</name>
   <createdDate>portable AD 2018-08-21 23:45:06.394 +0300</createdDate>
   <updatedDate>portable AD 2018-08-21 23:45:06.394 +0300</updatedDate>
   <active>true</active>
   <directoryId>65537</directoryId>
   <firstName>Anna</firstName>
   <lastName>Anokhina</lastName>
   <displayName>Anna Anokhina</displayName>
   <email>Anna_Anokhina1@epam.com</email>
   <credential>{PKCS5S2}QgDhruzfv1/Wx7QC/d44QZr3Qca26vUFgLViInFfFYClDs9P69YmelxpejmJtWxz</credential>
  </user>
  <user>
   <id>131094</id>
   <name>anton_lashmanov</name>
   <createdDate>portable AD 2018-08-21 23:45:06.442 +0300</createdDate>
   <updatedDate>portable AD 2018-08-21 23:45:06.442 +0300</updatedDate>
   <active>true</active>
   <directoryId>65537</directoryId>
   <firstName>Anton</firstName>
   <lastName>Lashmanov</lastName>
   <displayName>Anton Lashmanov</displayName>
   <email>anton_lashmanov@epam.com</email>
   <credential>{PKCS5S2}HL+GM13kJ5eCIlla8LU2pRzqaW6coDusCIq98Tr5NFkNbB/sHc8GgcdGqCcIf4EQ</credential>
  </user>
  <user>
   <id>131088</id>
   <name>anton_novikov</name>
   <createdDate>portable AD 2018-08-21 23:45:06.399 +0300</createdDate>
   <updatedDate>portable AD 2018-08-21 23:45:06.399 +0300</updatedDate>
   <active>true</active>
   <directoryId>65537</directoryId>
   <firstName>Anton</firstName>
   <lastName>Novikov</lastName>
   <displayName>Anton Novikov</displayName>
   <email>Anton_Novikov@epam.com</email>
   <credential>{PKCS5S2}j7Z1lDjrNktwbNdEucuQI7L/SBtWTDN/ZSdBvoRs9K5Znfv9AbOEbhqCtaEJxRHo</credential>
  </user>
  <user>
   <id>131084</id>
   <name>anton_soloveyv</name>
   <createdDate>portable AD 2018-08-21 23:45:06.367 +0300</createdDate>
   <updatedDate>portable AD 2018-08-21 23:45:06.367 +0300</updatedDate>
   <active>true</active>
   <directoryId>65537</directoryId>
   <firstName>Anton</firstName>
   <lastName>Soloveyv</lastName>
   <displayName>Anton Soloveyv</displayName>
   <email>anton_soloveyv@epam.com</email>
   <credential>{PKCS5S2}m0PKi3KiYWyQ8xZQ4hAJGGqBwtDegNp/2AKeLkPZr4T9AFbn2rg/WtFdZPmOWvzR</credential>
  </user>
  <user>
   <id>131077</id>
   <name>artur_nizamutdinov</name>
   <createdDate>portable AD 2018-08-21 23:45:06.331 +0300</createdDate>
   <updatedDate>portable AD 2018-08-21 23:45:06.331 +0300</updatedDate>
   <active>true</active>
   <directoryId>65537</directoryId>
   <firstName>Artur</firstName>
   <lastName>Nizamutdinov</lastName>
   <displayName>Artur Nizamutdinov</displayName>
   <email>Artur_Nizamutdinov@epam.com</email>
   <credential>{PKCS5S2}hxfEkRy7adlrn22KMukM7n6OU0/4IgrVdeVRMyNaCF57MFG6jPeHR9FVrqIJdapV</credential>
  </user>
  <user>
   <id>131108</id>
   <name>bekir_bekirov</name>
   <createdDate>portable AD 2018-08-21 23:45:06.507 +0300</createdDate>
   <updatedDate>portable AD 2018-08-21 23:45:06.507 +0300</updatedDate>
   <active>true</active>
   <directoryId>65537</directoryId>
   <firstName>Bekir</firstName>
   <lastName>Bekirov</lastName>
   <displayName>Bekir Bekirov</displayName>
   <email>bekir_bekirov@epam.com</email>
   <credential>{PKCS5S2}nZMixamWeXQwODy91kyOtDrG/+lzHMQ7iZc4Suw4l+SZv9v2kljjqAUuRbGudfl2</credential>
  </user>
  <user>
   <id>131096</id>
   <name>dmitrii_konovalov</name>
   <createdDate>portable AD 2018-08-21 23:45:06.454 +0300</createdDate>
   <updatedDate>portable AD 2018-08-21 23:45:06.454 +0300</updatedDate>
   <active>true</active>
   <directoryId>65537</directoryId>
   <firstName>Dmitrii</firstName>
   <lastName>Konovalov</lastName>
   <displayName>Dmitrii Konovalov</displayName>
   <email>dmitrii_konovalov@epam.com</email>
   <credential>{PKCS5S2}/bj3owAOrgO39oEKfMSR9jzf+uIhwn07qMx1a/XXK1zH8AkOTgetb1PsxNHWMAwn</credential>
   <attributes>
    <attribute>
     <id>16318479</id>
     <name>lastAuthenticated</name>
     <value>1541495652353</value>
    </attribute>
    <attribute>
     <id>16318478</id>
     <name>invalidPasswordAttempts</name>
     <value>0</value>
    </attribute>
    <attribute>
     <id>16318477</id>
     <name>requiresPasswordChange</name>
     <value>false</value>
    </attribute>
   </attributes>
  </user>
  <user>
   <id>131078</id>
   <name>dmitrii_turlychkin</name>
   <createdDate>portable AD 2018-08-21 23:45:06.336 +0300</createdDate>
   <updatedDate>portable AD 2018-08-21 23:45:06.336 +0300</updatedDate>
   <active>true</active>
   <directoryId>65537</directoryId>
   <firstName>Dmitrii</firstName>
   <lastName>Turlychkin</lastName>
   <displayName>Dmitrii Turlychkin</displayName>
   <email>Dmitrii_Turlychkin@epam.com</email>
   <credential>{PKCS5S2}guXrWgkQDRV8Wh0n2r7IP1ceo5mZc+/fZNEDM5GqNz2IyTO3ul2/BmgRrt6avl5P</credential>
  </user>
  <user>
   <id>131075</id>
   <name>dmitry_kostyashov</name>
   <createdDate>portable AD 2018-08-21 23:45:06.321 +0300</createdDate>
   <updatedDate>portable AD 2018-08-21 23:45:06.321 +0300</updatedDate>
   <active>true</active>
   <directoryId>65537</directoryId>
   <firstName>Dmitry</firstName>
   <lastName>Kostyashov</lastName>
   <displayName>Dmitry Kostyashov</displayName>
   <email>Dmitry_Kostyashov@epam.com</email>
   <credential>{PKCS5S2}aulh2hqIHlwTxWKkKXYjtM8cHT7vf+0fhbGn1G4vtCGon391CJcwotw1Km+DH8Ts</credential>
  </user>
  <user>
   <id>131118</id>
   <name>dzianis_stolnik</name>
   <createdDate>portable AD 2018-08-21 23:45:06.572 +0300</createdDate>
   <updatedDate>portable AD 2018-08-21 23:45:06.572 +0300</updatedDate>
   <active>true</active>
   <directoryId>65537</directoryId>
   <firstName>Dzianis</firstName>
   <lastName>Stolnik</lastName>
   <displayName>Dzianis Stolnik</displayName>
   <email>dzianis_stolnik@epam.com</email>
   <credential>{PKCS5S2}BCeGoOijb4ONXJ14vL1dawGlfe6eOd/kr60OztpgP0m2Lfa238c6SkO4qcTUOFps</credential>
   <attributes>
    <attribute>
     <id>25264140</id>
     <name>invalidPasswordAttempts</name>
     <value>0</value>
    </attribute>
    <attribute>
     <id>25264141</id>
     <name>lastAuthenticated</name>
     <value>1538042048190</value>
    </attribute>
    <attribute>
     <id>25264139</id>
     <name>requiresPasswordChange</name>
     <value>false</value>
    </attribute>
   </attributes>
  </user>
  <user>
   <id>131082</id>
   <name>dzmitry_maksimau</name>
   <createdDate>portable AD 2018-08-21 23:45:06.355 +0300</createdDate>
   <updatedDate>portable AD 2018-08-21 23:45:06.355 +0300</updatedDate>
   <active>true</active>
   <directoryId>65537</directoryId>
   <firstName>Dzmitry</firstName>
   <lastName>Maksimau</lastName>
   <displayName>Dzmitry Maksimau</displayName>
   <email>Dzmitry_Maksimau@epam.com</email>
   <credential>{PKCS5S2}QRpuqocRaXZbmH4CL8jwjF/y8nVM6/oqttgamwRlCbCFgq4fpzn/5S7qg7ANz3IN</credential>
  </user>
  <user>
   <id>131112</id>
   <name>elena_mandrika</name>
   <createdDate>portable AD 2018-08-21 23:45:06.538 +0300</createdDate>
   <updatedDate>portable AD 2018-08-21 23:45:06.538 +0300</updatedDate>
   <active>true</active>
   <directoryId>65537</directoryId>
   <firstName>Elena</firstName>
   <lastName>Mandrika</lastName>
   <displayName>Elena Mandrika</displayName>
   <email>Elena_Mandrika@epam.com</email>
   <credential>{PKCS5S2}MpxlGgvgMFSmTdjVzaN/u9IagV5PuBcj4lxuPScmVKxEDrrv+oqzJZZ6Xo9ro2G0</credential>
   <attributes>
    <attribute>
     <id>19169282</id>
     <name>invalidPasswordAttempts</name>
     <value>0</value>
    </attribute>
    <attribute>
     <id>19169283</id>
     <name>lastAuthenticated</name>
     <value>1540543967390</value>
    </attribute>
    <attribute>
     <id>19169281</id>
     <name>requiresPasswordChange</name>
     <value>false</value>
    </attribute>
   </attributes>
  </user>
  <user>
   <id>131079</id>
   <name>ilya_evseev</name>
   <createdDate>portable AD 2018-08-21 23:45:06.340 +0300</createdDate>
   <updatedDate>portable AD 2018-08-21 23:45:06.340 +0300</updatedDate>
   <active>true</active>
   <directoryId>65537</directoryId>
   <firstName>Ilya</firstName>
   <lastName>Evseev</lastName>
   <displayName>Ilya Evseev</displayName>
   <email>Ilya_Evseev@epam.com</email>
   <credential>{PKCS5S2}RxUPJ54hXLcxNtji/bizHSMttFcks1uUlzhubSTlo4hSCKWLj7h01KVC9uwYFz8U</credential>
   <attributes>
    <attribute>
     <id>16318472</id>
     <name>invalidPasswordAttempts</name>
     <value>0</value>
    </attribute>
    <attribute>
     <id>16318473</id>
     <name>lastAuthenticated</name>
     <value>1541514721095</value>
    </attribute>
    <attribute>
     <id>16318471</id>
     <name>requiresPasswordChange</name>
     <value>false</value>
    </attribute>
   </attributes>
  </user>
  <user>
   <id>131085</id>
   <name>iurii_palchuk</name>
   <createdDate>portable AD 2018-08-21 23:45:06.382 +0300</createdDate>
   <updatedDate>portable AD 2018-08-21 23:45:06.382 +0300</updatedDate>
   <active>true</active>
   <directoryId>65537</directoryId>
   <firstName>Iurii</firstName>
   <lastName>Palchuk</lastName>
   <displayName>Iurii Palchuk</displayName>
   <email>Iurii_Palchuk@epam.com</email>
   <credential>{PKCS5S2}ubmCJSmDN6egR53R6aQnZQj9SpNHPbVosOp+dpcY8FJKXkEqIuMWUhS/rdMwSctW</credential>
  </user>
  <user>
   <id>131097</id>
   <name>kanstantsin_rybin</name>
   <createdDate>portable AD 2018-08-21 23:45:06.467 +0300</createdDate>
   <updatedDate>portable AD 2018-08-21 23:45:06.467 +0300</updatedDate>
   <active>true</active>
   <directoryId>65537</directoryId>
   <firstName>Kanstantsin</firstName>
   <lastName>Rybin</lastName>
   <displayName>Kanstantsin Rybin</displayName>
   <email>Kanstantsin_Rybin1@epam.com</email>
   <credential>{PKCS5S2}GnOZ/h3piWm7O+RQND4BxlMHRLvppp/6ZvBl04RXrGcDdPYJEODF3KNvMp1S7SVT</credential>
  </user>
  <user>
   <id>131083</id>
   <name>kirill_groskii</name>
   <createdDate>portable AD 2018-08-21 23:45:06.361 +0300</createdDate>
   <updatedDate>portable AD 2018-08-21 23:45:06.361 +0300</updatedDate>
   <active>true</active>
   <directoryId>65537</directoryId>
   <firstName>Kirill</firstName>
   <lastName>Gorskii</lastName>
   <displayName>Kirill Gorskii</displayName>
   <email>kirill_gorskii@epam.com</email>
   <credential>{PKCS5S2}9SLFE3M6Lb5YtK1/RJ/pt10hidu7wJp/m2mihqvgic7R4fnA+ITxD1iE2HdOEnco</credential>
  </user>
  <user>
   <id>131089</id>
   <name>konstantin_silaev</name>
   <createdDate>portable AD 2018-08-21 23:45:06.408 +0300</createdDate>
   <updatedDate>portable AD 2018-08-21 23:45:06.408 +0300</updatedDate>
   <active>true</active>
   <directoryId>65537</directoryId>
   <firstName>Konstantin</firstName>
   <lastName>Silaev</lastName>
   <displayName>Konstantin Silaev</displayName>
   <email>Konstantin_Silaev@epam.com</email>
   <credential>{PKCS5S2}dRK/Qq35jBHQSgrYBhU2V9Mmg2unIncv0IW8wu4iBUWPv8vqR5vl1crs60oHu6J3</credential>
  </user>
  <user>
   <id>131091</id>
   <name>liubou_aharodnikava</name>
   <createdDate>portable AD 2018-08-21 23:45:06.418 +0300</createdDate>
   <updatedDate>portable AD 2018-08-21 23:45:06.418 +0300</updatedDate>
   <active>true</active>
   <directoryId>65537</directoryId>
   <firstName>Liubou</firstName>
   <lastName>Aharodnikava</lastName>
   <displayName>Liubou Aharodnikava</displayName>
   <email>liubou_aharodnikava@epam.com</email>
   <credential>{PKCS5S2}8bmrgqX6dU8EhjaVTUr/ldFBo5cfA2plJC/AukgfemDsenRgw6gJHVTA1lXEusAK</credential>
   <attributes>
    <attribute>
     <id>16318474</id>
     <name>requiresPasswordChange</name>
     <value>false</value>
    </attribute>
    <attribute>
     <id>16318476</id>
     <name>lastAuthenticated</name>
     <value>1541401970718</value>
    </attribute>
    <attribute>
     <id>16318475</id>
     <name>invalidPasswordAttempts</name>
     <value>0</value>
    </attribute>
   </attributes>
  </user>
  <user>
   <id>131076</id>
   <name>ludmila_golovenkova</name>
   <createdDate>portable AD 2018-08-21 23:45:06.326 +0300</createdDate>
   <updatedDate>portable AD 2018-08-21 23:45:06.326 +0300</updatedDate>
   <active>true</active>
   <directoryId>65537</directoryId>
   <firstName>Ludmila</firstName>
   <lastName>Golovenkova</lastName>
   <displayName>Ludmila Golovenkova</displayName>
   <email>Ludmila_Golovenkova@epam.com</email>
   <credential>{PKCS5S2}6gE6otb9IImzoUaOuHHgnBiT/GR7zN/8AbelaZ6ipFR+YU+aUJLgs8/IDBAzBGsT</credential>
  </user>
  <user>
   <id>131081</id>
   <name>maksim_kaluzhonak</name>
   <createdDate>portable AD 2018-08-21 23:45:06.351 +0300</createdDate>
   <updatedDate>portable AD 2018-08-21 23:45:06.351 +0300</updatedDate>
   <active>true</active>
   <directoryId>65537</directoryId>
   <firstName>Maksim</firstName>
   <lastName>Kaluzhonak</lastName>
   <displayName>Maksim Kaluzhonak</displayName>
   <email>Maksim_Kaluzhonak@epam.com</email>
   <credential>{PKCS5S2}XCbY1QNnBAWEZLDQ8EDR2yk86+j0gsY86ehJk7ED74/NJhRZBTbzq8/7wRJSsq4e</credential>
   <attributes>
    <attribute>
     <id>20316166</id>
     <name>lastAuthenticated</name>
     <value>1541165434369</value>
    </attribute>
    <attribute>
     <id>20316165</id>
     <name>invalidPasswordAttempts</name>
     <value>0</value>
    </attribute>
    <attribute>
     <id>20316164</id>
     <name>requiresPasswordChange</name>
     <value>false</value>
    </attribute>
   </attributes>
  </user>
  <user>
   <id>131095</id>
   <name>maksim_karabutov</name>
   <createdDate>portable AD 2018-08-21 23:45:06.446 +0300</createdDate>
   <updatedDate>portable AD 2018-08-21 23:45:06.446 +0300</updatedDate>
   <active>true</active>
   <directoryId>65537</directoryId>
   <firstName>Maksim</firstName>
   <lastName>Karabutov</lastName>
   <displayName>Maksim Karabutov</displayName>
   <email>maksim_karabutov@epam.com</email>
   <credential>{PKCS5S2}Sgxv+3WQEH8sMuantFDPp27THAIMA8lXYvE3sjPrkki7RgnfrsWKF4Dkb5sxbCdl</credential>
  </user>
  <user>
   <id>131119</id>
   <name>maksim_yakushevich</name>
   <createdDate>portable AD 2018-08-21 23:45:06.577 +0300</createdDate>
   <updatedDate>portable AD 2018-08-21 23:45:06.577 +0300</updatedDate>
   <active>true</active>
   <directoryId>65537</directoryId>
   <firstName>Maksim</firstName>
   <lastName>Yakushevich</lastName>
   <displayName>Maksim Yakushevich</displayName>
   <email>Maksim_Yakushevich@epam.com</email>
   <credential>{PKCS5S2}13vlhbpMI4RgtilJjqV7xbbLihN19coNsyCMFGiyBwU1pupKQPuBzRTY84B0+hPV</credential>
   <attributes>
    <attribute>
     <id>20316171</id>
     <name>invalidPasswordAttempts</name>
     <value>0</value>
    </attribute>
    <attribute>
     <id>20316172</id>
     <name>lastAuthenticated</name>
     <value>1541410759267</value>
    </attribute>
    <attribute>
     <id>20316170</id>
     <name>requiresPasswordChange</name>
     <value>false</value>
    </attribute>
   </attributes>
  </user>
  <user>
   <id>131086</id>
   <name>nikolai_matveev</name>
   <createdDate>portable AD 2018-08-21 23:45:06.387 +0300</createdDate>
   <updatedDate>portable AD 2018-08-21 23:45:06.387 +0300</updatedDate>
   <active>true</active>
   <directoryId>65537</directoryId>
   <firstName>Nikolai</firstName>
   <lastName>Matveev</lastName>
   <displayName>Nikolai Matveev</displayName>
   <email>Nikolai_Matveev@epam.com</email>
   <credential>{PKCS5S2}uy4ozuHhQEWp2jDVXAcKliItJgCD/hGUbqFSh0vIYqEEiYYnBo1tDFvx6UISmVVn</credential>
  </user>
  <user>
   <id>131106</id>
   <name>pavel_hrynchanka</name>
   <createdDate>portable AD 2018-08-21 23:45:06.501 +0300</createdDate>
   <updatedDate>portable AD 2018-08-21 23:45:06.501 +0300</updatedDate>
   <active>true</active>
   <directoryId>65537</directoryId>
   <firstName>Pavel</firstName>
   <lastName>Hrynchanka</lastName>
   <displayName>Pavel Hrynchanka</displayName>
   <email>pavel_hrynchanka@epam.com</email>
   <credential>{PKCS5S2}32o6OHoTPJg9MIU6RbuMVDHfnklQUG8/Qm0qhyBNTajo5EMjyoyXH+kzXZyQjYpA</credential>
   <attributes>
    <attribute>
     <id>16318467</id>
     <name>lastAuthenticated</name>
     <value>1541166175539</value>
    </attribute>
    <attribute>
     <id>16318465</id>
     <name>requiresPasswordChange</name>
     <value>false</value>
    </attribute>
    <attribute>
     <id>16318466</id>
     <name>invalidPasswordAttempts</name>
     <value>0</value>
    </attribute>
   </attributes>
  </user>
  <user>
   <id>131111</id>
   <name>pavel_mikhnevich</name>
   <createdDate>portable AD 2018-08-21 23:45:06.535 +0300</createdDate>
   <updatedDate>portable AD 2018-08-21 23:45:06.535 +0300</updatedDate>
   <active>true</active>
   <directoryId>65537</directoryId>
   <firstName>Pavel</firstName>
   <lastName>Mikhnevich</lastName>
   <displayName>Pavel Mikhnevich</displayName>
   <email>pavel_mikhnevich@epam.com</email>
   <credential>{PKCS5S2}mZ8itmKJrTr1VVmSMhgU50Nno2p5BfBModcmHTqC72DzDjICguoEWhCe8MCI/0Fo</credential>
   <attributes>
    <attribute>
     <id>20316169</id>
     <name>lastAuthenticated</name>
     <value>1540546106431</value>
    </attribute>
    <attribute>
     <id>20316168</id>
     <name>invalidPasswordAttempts</name>
     <value>0</value>
    </attribute>
    <attribute>
     <id>20316167</id>
     <name>requiresPasswordChange</name>
     <value>false</value>
    </attribute>
   </attributes>
  </user>
  <user>
   <id>131093</id>
   <name>raghunandan_beepyata</name>
   <createdDate>portable AD 2018-08-21 23:45:06.437 +0300</createdDate>
   <updatedDate>portable AD 2018-08-21 23:45:06.437 +0300</updatedDate>
   <active>true</active>
   <directoryId>65537</directoryId>
   <firstName>Raghunandan</firstName>
   <lastName>Beepyata</lastName>
   <displayName>Raghunandan Beepyata</displayName>
   <email>Raghunandan_Beepyata@epam.com</email>
   <credential>{PKCS5S2}4C52LB013txc16AoakHeTu89XoHau2zaJPwhr49TOOmf+6Xw6j9sWq3ua25c7plh</credential>
  </user>
  <user>
   <id>131114</id>
   <name>roman_palaznik</name>
   <createdDate>portable AD 2018-08-21 23:45:06.558 +0300</createdDate>
   <updatedDate>portable AD 2018-08-21 23:45:06.558 +0300</updatedDate>
   <active>true</active>
   <directoryId>65537</directoryId>
   <firstName>Roman</firstName>
   <lastName>Palaznik</lastName>
   <displayName>Roman Palaznik</displayName>
   <email>roman_palaznik@epam.com</email>
   <credential>{PKCS5S2}1czfiQ/NdCt0DMcYwUQpDI5sjJ6R+eJisRxTTeV4YVoQHPwuBT0CJ3LYDbE0KG2I</credential>
   <attributes>
    <attribute>
     <id>16318481</id>
     <name>invalidPasswordAttempts</name>
     <value>0</value>
    </attribute>
    <attribute>
     <id>16318482</id>
     <name>lastAuthenticated</name>
     <value>1541150591628</value>
    </attribute>
    <attribute>
     <id>16318480</id>
     <name>requiresPasswordChange</name>
     <value>false</value>
    </attribute>
   </attributes>
  </user>
  <user>
   <id>131109</id>
   <name>roman_yaronskyi</name>
   <createdDate>portable AD 2018-08-21 23:45:06.519 +0300</createdDate>
   <updatedDate>portable AD 2018-08-21 23:45:06.519 +0300</updatedDate>
   <active>true</active>
   <directoryId>65537</directoryId>
   <firstName>Roman</firstName>
   <lastName>Yaronskyi</lastName>
   <displayName>Roman Yaronskyi</displayName>
   <email>Roman_Yaronskyi@epam.com</email>
   <credential>{PKCS5S2}to1pyA+EmYJIgWHdb/5ep5tK83CjscngkbFO5p/hClApZOc7Bt9qNp7da/IdtiuM</credential>
   <attributes>
    <attribute>
     <id>25264129</id>
     <name>requiresPasswordChange</name>
     <value>false</value>
    </attribute>
    <attribute>
     <id>25264130</id>
     <name>invalidPasswordAttempts</name>
     <value>0</value>
    </attribute>
    <attribute>
     <id>25264131</id>
     <name>lastAuthenticated</name>
     <value>1541154378946</value>
    </attribute>
   </attributes>
  </user>
  <user>
   <id>131092</id>
   <name>sergei_neginsky</name>
   <createdDate>portable AD 2018-08-21 23:45:06.423 +0300</createdDate>
   <updatedDate>portable AD 2018-08-21 23:45:06.423 +0300</updatedDate>
   <active>true</active>
   <directoryId>65537</directoryId>
   <firstName>Sergei</firstName>
   <lastName>Neginsky</lastName>
   <displayName>Sergei Neginsky</displayName>
   <email>sergei_neginsky@epam.com</email>
   <credential>{PKCS5S2}sK+3lM5DZKFXXPVWj5IgZ/0zR+z3Zf7zWspr/OBSmA1wlRMT/S8Y5qx7kOgLfz7j</credential>
   <attributes>
    <attribute>
     <id>20316161</id>
     <name>requiresPasswordChange</name>
     <value>false</value>
    </attribute>
    <attribute>
     <id>20316163</id>
     <name>lastAuthenticated</name>
     <value>1541498166743</value>
    </attribute>
    <attribute>
     <id>20316162</id>
     <name>invalidPasswordAttempts</name>
     <value>0</value>
    </attribute>
   </attributes>
  </user>
  <user>
   <id>131098</id>
   <name>sergey_dolgopolov</name>
   <createdDate>portable AD 2018-08-21 23:45:06.471 +0300</createdDate>
   <updatedDate>portable AD 2018-08-21 23:45:06.471 +0300</updatedDate>
   <active>true</active>
   <directoryId>65537</directoryId>
   <firstName>Sergey</firstName>
   <lastName>Dolgopolov</lastName>
   <displayName>Sergey Dolgopolov</displayName>
   <email>Sergey_Dolgopolov@epam.com</email>
   <credential>{PKCS5S2}vS6U64JQnk6Qt5abJJilGndLkSIxUr2do5qMsNVURKi3T+H99lALWmIl1vJV8q5w</credential>
  </user>
  <user>
   <id>131117</id>
   <name>siarhei_kharlanau</name>
   <createdDate>portable AD 2018-08-21 23:45:06.569 +0300</createdDate>
   <updatedDate>portable AD 2018-08-21 23:45:06.569 +0300</updatedDate>
   <active>true</active>
   <directoryId>65537</directoryId>
   <firstName>Siarhei</firstName>
   <lastName>Kharlanau</lastName>
   <displayName>Siarhei Kharlanau</displayName>
   <email>siarhei_kharlanau@epam.com</email>
   <credential>{PKCS5S2}/fdUeEyGiOcp/8Vd5ylh0UM1+qOccrj+L7jR1SjJjte0Hc9Dpv433jW6a4cIAOQ/</credential>
   <attributes>
    <attribute>
     <id>14843916</id>
     <name>lastAuthenticated</name>
     <value>1539355908233</value>
    </attribute>
    <attribute>
     <id>14843915</id>
     <name>invalidPasswordAttempts</name>
     <value>0</value>
    </attribute>
    <attribute>
     <id>14843914</id>
     <name>requiresPasswordChange</name>
     <value>false</value>
    </attribute>
   </attributes>
  </user>
  <user>
   <id>131107</id>
   <name>siarhei_kutsankou</name>
   <createdDate>portable AD 2018-08-21 23:45:06.504 +0300</createdDate>
   <updatedDate>portable AD 2018-08-21 23:45:06.504 +0300</updatedDate>
   <active>true</active>
   <directoryId>65537</directoryId>
   <firstName>Siarhei</firstName>
   <lastName>Kutsankou</lastName>
   <displayName>Siarhei Kutsankou</displayName>
   <email>Siarhei_Kutsankou@epam.com</email>
   <credential>{PKCS5S2}weoOYq1guM+FDL1xnDEgcch1bEAixSay9vykAjQ3BolGeJfecmPoyb+zSMjxpHn3</credential>
   <attributes>
    <attribute>
     <id>14843908</id>
     <name>requiresPasswordChange</name>
     <value>false</value>
    </attribute>
    <attribute>
     <id>14843910</id>
     <name>lastAuthenticated</name>
     <value>1541491551643</value>
    </attribute>
    <attribute>
     <id>14843909</id>
     <name>invalidPasswordAttempts</name>
     <value>0</value>
    </attribute>
   </attributes>
  </user>
  <user>
   <id>131101</id>
   <name>siarhei_pryshchepa</name>
   <createdDate>portable AD 2018-08-21 23:45:06.483 +0300</createdDate>
   <updatedDate>portable AD 2018-08-21 23:45:06.483 +0300</updatedDate>
   <active>true</active>
   <directoryId>65537</directoryId>
   <firstName>Siarhei</firstName>
   <lastName>Pryshchepa</lastName>
   <displayName>Siarhei Pryshchepa</displayName>
   <email>Siarhei_Pryshchepa@epam.com</email>
   <credential>{PKCS5S2}AWcKKq1fCHgjfFLimwdA2Bsu//G0T6fiBs1d2XnLHhgA3hPrISdnGTNaPpINI5pQ</credential>
  </user>
  <user>
   <id>131116</id>
   <name>stsiapan_tsybulski</name>
   <createdDate>portable AD 2018-08-21 23:45:06.565 +0300</createdDate>
   <updatedDate>portable AD 2018-08-21 23:45:06.565 +0300</updatedDate>
   <active>true</active>
   <directoryId>65537</directoryId>
   <firstName>Stsiapan</firstName>
   <lastName>Tsybulski</lastName>
   <displayName>Stsiapan Tsybulski</displayName>
   <email>Stsiapan_Tsybulski@epam.com</email>
   <credential>{PKCS5S2}v6/BlWl4wRn0IZymONfiA2XhpIzzPhug++HPbg8YUcEARa89BR6pCYK6C5dctK2g</credential>
   <attributes>
    <attribute>
     <id>25264137</id>
     <name>invalidPasswordAttempts</name>
     <value>0</value>
    </attribute>
    <attribute>
     <id>25264136</id>
     <name>requiresPasswordChange</name>
     <value>false</value>
    </attribute>
    <attribute>
     <id>25264138</id>
     <name>lastAuthenticated</name>
     <value>1540897837656</value>
    </attribute>
   </attributes>
  </user>
  <user>
   <id>131110</id>
   <name>uladzimir_krautsou</name>
   <createdDate>portable AD 2018-08-21 23:45:06.522 +0300</createdDate>
   <updatedDate>portable AD 2018-08-21 23:45:06.522 +0300</updatedDate>
   <active>true</active>
   <directoryId>65537</directoryId>
   <firstName>Uladzimir</firstName>
   <lastName>Krautsou</lastName>
   <displayName>Uladzimir Krautsou</displayName>
   <email>uladzimir_krautsou@epam.com</email>
   <credential>{PKCS5S2}5GM9rYVGr7GWm/47pYoGe1ZLxiBQ1jx7/xGogavGf6mFRe/bWhukRdbC7xXDp1N/</credential>
   <attributes>
    <attribute>
     <id>20316174</id>
     <name>requiresPasswordChange</name>
     <value>false</value>
    </attribute>
    <attribute>
     <id>20316175</id>
     <name>lastAuthenticated</name>
     <value>1541418479524</value>
    </attribute>
    <attribute>
     <id>20316173</id>
     <name>invalidPasswordAttempts</name>
     <value>0</value>
    </attribute>
   </attributes>
  </user>
  <user>
   <id>131090</id>
   <name>valery_malyavko</name>
   <createdDate>portable AD 2018-08-21 23:45:06.413 +0300</createdDate>
   <updatedDate>portable AD 2018-08-21 23:45:06.413 +0300</updatedDate>
   <active>true</active>
   <directoryId>65537</directoryId>
   <firstName>Valery</firstName>
   <lastName>Malyavko</lastName>
   <displayName>Valery Malyavko</displayName>
   <email>valery_malyavko@epam.com</email>
   <credential>{PKCS5S2}NgMGe3DgWfQfqj2lRxeiBGkL7L1FpzO2VPwSiSHsJNfzH2buM9rAiKcRUVSK03vB</credential>
  </user>
  <user>
   <id>131102</id>
   <name>valery_rudol</name>
   <createdDate>portable AD 2018-08-21 23:45:06.487 +0300</createdDate>
   <updatedDate>portable AD 2018-08-21 23:45:06.487 +0300</updatedDate>
   <active>true</active>
   <directoryId>65537</directoryId>
   <firstName>Valery</firstName>
   <lastName>Rudol</lastName>
   <displayName>Valery Rudol</displayName>
   <email>Valery_Rudol@epam.com</email>
   <credential>{PKCS5S2}KYdgcje5mFQfl8U3FPKip8ZENCtZN4Em216X8rXbgbfDE+iJrlYwSVH9yv1GMown</credential>
  </user>
  <user>
   <id>131104</id>
   <name>vasili_kalanchuk</name>
   <createdDate>portable AD 2018-08-21 23:45:06.493 +0300</createdDate>
   <updatedDate>portable AD 2018-08-21 23:45:06.493 +0300</updatedDate>
   <active>true</active>
   <directoryId>65537</directoryId>
   <firstName>Vasili</firstName>
   <lastName>Kalanchuk</lastName>
   <displayName>Vasili Kalanchuk</displayName>
   <email>Vasili_Kalanchuk@epam.com</email>
   <credential>{PKCS5S2}8Cu3yukh5jng9RN3zS9BEsIyEKJcvhSu97ultAW6yD+yX8zg1nxjgUyuOjXTiSWZ</credential>
  </user>
  <user>
   <id>131080</id>
   <name>vladimir_karev</name>
   <createdDate>portable AD 2018-08-21 23:45:06.344 +0300</createdDate>
   <updatedDate>portable AD 2018-08-21 23:45:06.344 +0300</updatedDate>
   <active>true</active>
   <directoryId>65537</directoryId>
   <firstName>Vladimir</firstName>
   <lastName>Karev</lastName>
   <displayName>Vladimir Karev</displayName>
   <email>Vladimir_Karev@epam.com</email>
   <credential>{PKCS5S2}xPRQi/j4FOSE7e3WbUDml1vOv0O7MG5I5U9392M3vbvhjE6aiZbhwcdFt+BxjkXF</credential>
   <attributes>
    <attribute>
     <id>25264134</id>
     <name>invalidPasswordAttempts</name>
     <value>0</value>
    </attribute>
    <attribute>
     <id>25264135</id>
     <name>lastAuthenticated</name>
     <value>1539953384473</value>
    </attribute>
    <attribute>
     <id>25264133</id>
     <name>requiresPasswordChange</name>
     <value>false</value>
    </attribute>
   </attributes>
  </user>
  <user>
   <id>131113</id>
   <name>vladislav_kovaliov</name>
   <createdDate>portable AD 2018-08-21 23:45:06.542 +0300</createdDate>
   <updatedDate>portable AD 2018-08-21 23:45:06.542 +0300</updatedDate>
   <active>true</active>
   <directoryId>65537</directoryId>
   <firstName>Vladislav</firstName>
   <lastName>Kovaliov</lastName>
   <displayName>Vladislav Kovaliov</displayName>
   <email>Vladislav_Kovaliov@epam.com</email>
   <credential>{PKCS5S2}K/Ewn7iKyAw+ARpfRBnip64RMXpeIQnjDDsghNTnFMYWIfIuRbWNTaenV3tZp9SI</credential>
   <attributes>
    <attribute>
     <id>16318470</id>
     <name>lastAuthenticated</name>
     <value>1535006813135</value>
    </attribute>
    <attribute>
     <id>16318469</id>
     <name>invalidPasswordAttempts</name>
     <value>0</value>
    </attribute>
    <attribute>
     <id>16318468</id>
     <name>requiresPasswordChange</name>
     <value>false</value>
    </attribute>
   </attributes>
  </user>
 </crowdUsers>
</bamboo>