<?xml version='1.1' encoding='UTF-8' standalone='yes'?>
<bamboo>
 <date>Wed Nov 07 12:33:05 MSK 2018</date>
 <version>6.6.2</version>
 <buildDate>14-Aug-2018</buildDate>
 <build>60606</build>
 <serverID>BIJ0-DZ8E-QJRU-JRPJ</serverID>
 <directories>
  <directory>
   <id>65537</id>
   <name>Bamboo Internal Directory</name>
   <createdDate>portable AD 2018-08-21 23:45:06.237 +0300</createdDate>
   <updatedDate>portable AD 2018-08-21 23:45:06.237 +0300</updatedDate>
   <active>true</active>
   <description>Bamboo default internal directory</description>
   <type>INTERNAL</type>
   <implementationClass>com.atlassian.crowd.directory.InternalDirectory</implementationClass>
   <permissions/>
   <permissions>
    <permission>CREATE_USER</permission>
    <permission>CREATE_GROUP</permission>
    <permission>CREATE_ROLE</permission>
    <permission>UPDATE_USER</permission>
    <permission>UPDATE_GROUP</permission>
    <permission>UPDATE_ROLE</permission>
    <permission>UPDATE_USER_ATTRIBUTE</permission>
    <permission>UPDATE_GROUP_ATTRIBUTE</permission>
    <permission>UPDATE_ROLE_ATTRIBUTE</permission>
    <permission>DELETE_USER</permission>
    <permission>DELETE_GROUP</permission>
    <permission>DELETE_ROLE</permission>
   </permissions>
   <attributes>
    <attribute>
     <name>user_encryption_method</name>
     <value>atlassian-security</value>
    </attribute>
   </attributes>
  </directory>
 </directories>
</bamboo>