<?xml version='1.1' encoding='UTF-8' standalone='yes'?>
<bamboo>
 <date>Wed Nov 07 12:33:05 MSK 2018</date>
 <version>6.6.2</version>
 <buildDate>14-Aug-2018</buildDate>
 <build>60606</build>
 <serverID>BIJ0-DZ8E-QJRU-JRPJ</serverID>
 <idGeneratorData>
  <idGeneratorEntity>
   <name>TASK</name>
   <nextId>8193</nextId>
  </idGeneratorEntity>
  <idGeneratorEntity>
   <name>ARTIFACT_DEFINITION</name>
   <nextId>6145</nextId>
  </idGeneratorEntity>
  <idGeneratorEntity>
   <name>DEPLOYMENT_PROJECT</name>
   <nextId>4097</nextId>
  </idGeneratorEntity>
  <idGeneratorEntity>
   <name>CHAIN_BRANCH</name>
   <nextId>11265</nextId>
  </idGeneratorEntity>
  <idGeneratorEntity>
   <name>STAGE</name>
   <nextId>11265</nextId>
  </idGeneratorEntity>
  <idGeneratorEntity>
   <name>JOB_BRANCH</name>
   <nextId>11265</nextId>
  </idGeneratorEntity>
  <idGeneratorEntity>
   <name>REPOSITORY</name>
   <nextId>11265</nextId>
  </idGeneratorEntity>
  <idGeneratorEntity>
   <name>SHARED_CREDENTIAL</name>
   <nextId>1025</nextId>
  </idGeneratorEntity>
  <idGeneratorEntity>
   <name>CHAIN</name>
   <nextId>5121</nextId>
  </idGeneratorEntity>
  <idGeneratorEntity>
   <name>JOB</name>
   <nextId>5121</nextId>
  </idGeneratorEntity>
 </idGeneratorData>
</bamboo>