<?xml version='1.1' encoding='UTF-8' standalone='yes'?>
<bamboo>
 <date>Wed Nov 07 12:33:05 MSK 2018</date>
 <version>6.6.2</version>
 <buildDate>14-Aug-2018</buildDate>
 <build>60606</build>
 <serverID>BIJ0-DZ8E-QJRU-JRPJ</serverID>
 <labels>
  <label>
   <id>8945665</id>
   <creationDate>portable AD 2018-01-19 13:17:31.501 +0300</creationDate>
   <modificationDate>portable AD 2018-01-19 13:17:31.634 +0300</modificationDate>
   <name>:favourite</name>
   <namespace>anton_soloveyv</namespace>
  </label>
  <label>
   <id>8945666</id>
   <creationDate>portable AD 2018-04-14 11:49:13.169 +0300</creationDate>
   <modificationDate>portable AD 2018-04-14 11:49:13.171 +0300</modificationDate>
   <name>:favourite</name>
   <namespace>kanstantsin_rybin</namespace>
  </label>
  <label>
   <id>8945668</id>
   <creationDate>portable AD 2018-04-17 17:09:50.265 +0300</creationDate>
   <modificationDate>portable AD 2018-04-17 17:09:50.267 +0300</modificationDate>
   <name>:unmark-favourite</name>
   <namespace>admin</namespace>
  </label>
  <label>
   <id>14778369</id>
   <creationDate>portable AD 2018-07-19 15:43:01.103 +0300</creationDate>
   <modificationDate>portable AD 2018-07-19 15:43:02.710 +0300</modificationDate>
   <name>:favourite</name>
   <namespace>siarhei_kutsankou</namespace>
  </label>
  <label>
   <id>14778370</id>
   <creationDate>portable AD 2018-07-25 11:09:38.886 +0300</creationDate>
   <modificationDate>portable AD 2018-07-25 11:09:42.467 +0300</modificationDate>
   <name>:favourite</name>
   <namespace>siarhei_kharlanau</namespace>
  </label>
  <label>
   <id>19103746</id>
   <creationDate>portable AD 2018-08-31 10:08:44.376 +0300</creationDate>
   <modificationDate>portable AD 2018-10-30 14:29:28.666 +0300</modificationDate>
   <name>active</name>
   <namespace>label</namespace>
  </label>
 </labels>
</bamboo>