<?xml version='1.1' encoding='UTF-8' standalone='yes'?>
<bamboo>
 <date>Wed Nov 07 12:33:05 MSK 2018</date>
 <version>6.6.2</version>
 <buildDate>14-Aug-2018</buildDate>
 <build>60606</build>
 <serverID>BIJ0-DZ8E-QJRU-JRPJ</serverID>
 <mail-servers>
  <smtp-server>
   <name>Bamboo</name>
   <defaultFrom>Auto_NWI-NGW_CI@epam.com</defaultFrom>
   <prefix>[Bamboo]</prefix>
   <removePrecedence>false</removePrecedence>
   <hostname>smtp.office365.com</hostname>
   <smtpPort>587</smtpPort>
   <username>Auto_NWI-NGW_CI@epam.com</username>
   <password>BAMSCRT@0@0@7q/NaFm7V9QlNS0ezHhKKq1NIk+elmMxCE7LuzlpsAk=</password>
   <tlsRequired>true</tlsRequired>
  </smtp-server>
 </mail-servers>
</bamboo>