<?xml version='1.1' encoding='UTF-8' standalone='yes'?>
<bamboo>
 <date>Wed Nov 07 12:33:05 MSK 2018</date>
 <version>6.6.2</version>
 <buildDate>14-Aug-2018</buildDate>
 <build>60606</build>
 <serverID>BIJ0-DZ8E-QJRU-JRPJ</serverID>
 <pipelines>
  <pipeline>
   <id>196609</id>
   <creationDate>portable AD 2017-07-04 15:59:13.904 +0300</creationDate>
   <modificationDate>portable AD 2017-07-04 15:59:13.904 +0300</modificationDate>
   <type>LOCAL</type>
   <name>Default Agent</name>
   <enabled>true</enabled>
   <capabilities/>
  </pipeline>
  <pipeline>
   <id>3833857</id>
   <creationDate>portable AD 2017-07-25 17:03:51.718 +0300</creationDate>
   <modificationDate>portable AD 2017-07-25 17:03:51.718 +0300</modificationDate>
   <type>LOCAL</type>
   <name>Agent Smith</name>
   <enabled>true</enabled>
   <capabilities/>
  </pipeline>
  <pipeline>
   <id>5439490</id>
   <creationDate>portable AD 2017-09-25 17:52:08.769 +0300</creationDate>
   <modificationDate>portable AD 2017-09-25 17:52:08.769 +0300</modificationDate>
   <type>LOCAL</type>
   <name>J</name>
   <enabled>true</enabled>
   <capabilities/>
  </pipeline>
  <pipeline>
   <id>9011201</id>
   <creationDate>portable AD 2018-02-01 14:50:49.053 +0300</creationDate>
   <modificationDate>portable AD 2018-02-01 14:50:49.053 +0300</modificationDate>
   <type>LOCAL</type>
   <name>K</name>
   <enabled>true</enabled>
   <capabilities/>
  </pipeline>
  <pipeline>
   <id>9011202</id>
   <creationDate>portable AD 2018-02-09 15:37:21.297 +0300</creationDate>
   <modificationDate>portable AD 2018-02-09 15:37:21.297 +0300</modificationDate>
   <type>LOCAL</type>
   <name>S</name>
   <enabled>true</enabled>
   <capabilities/>
  </pipeline>
  <pipeline>
   <id>17530881</id>
   <creationDate>portable AD 2018-08-26 16:45:29.992 +0300</creationDate>
   <modificationDate>portable AD 2018-08-30 11:15:38.122 +0300</modificationDate>
   <type>REMOTE</type>
   <name>ECSE00100A41.epam.com (3)</name>
   <description>Remote agent on host ECSE00100A41.epam.com</description>
   <enabled>true</enabled>
   <lastStartTime>portable AD 2018-08-28 19:40:01.420 +0300</lastStartTime>
   <lastStopTime>portable AD 2018-08-30 11:15:38.122 +0300</lastStopTime>
   <capabilities>
    <capability key="system.builder.msbuild.MSBuild v2.0 (32bit)" value="C:\WINDOWS\Microsoft.NET\Framework\v2.0.50727\MSBuild.exe"/>
    <capability key="system.jdk.JDK" value="C:\Program Files\Java\jdk1.8.0_144\"/>
    <capability key="system.jdk.JDK 1.8" value="C:\Program Files\Java\jdk1.8.0_144\"/>
    <capability key="system.builder.msbuild.MSBuild v4.0 (64bit)" value="C:\WINDOWS\Microsoft.NET\Framework64\v4.0.30319\MSBuild.exe"/>
    <capability key="system.builder.msbuild.MSBuild v3.5 (32bit)" value="C:\WINDOWS\Microsoft.NET\Framework\v3.5\MSBuild.exe"/>
    <capability key="system.jdk.JDK 1.8.0_144" value="C:\Program Files\Java\jdk1.8.0_144\"/>
    <capability key="system.builder.msbuild.MSBuild v2.0 (64bit)" value="C:\WINDOWS\Microsoft.NET\Framework64\v2.0.50727\MSBuild.exe"/>
    <capability key="system.builder.msbuild.MSBuild v3.5 (64bit)" value="C:\WINDOWS\Microsoft.NET\Framework64\v3.5\MSBuild.exe"/>
    <capability key="system.builder.msbuild.MSBuild v4.0 (32bit)" value="C:\WINDOWS\Microsoft.NET\Framework\v4.0.30319\MSBuild.exe"/>
   </capabilities>
  </pipeline>
  <pipeline>
   <id>17530882</id>
   <creationDate>portable AD 2018-08-26 16:54:06.345 +0300</creationDate>
   <modificationDate>portable AD 2018-08-30 11:16:08.121 +0300</modificationDate>
   <type>REMOTE</type>
   <name>ECSE00100A41.epam.com (4)</name>
   <description>Remote agent on host ECSE00100A41.epam.com</description>
   <enabled>true</enabled>
   <lastStartTime>portable AD 2018-08-28 19:40:08.292 +0300</lastStartTime>
   <lastStopTime>portable AD 2018-08-30 11:16:08.121 +0300</lastStopTime>
   <capabilities>
    <capability key="system.builder.msbuild.MSBuild v2.0 (32bit)" value="C:\WINDOWS\Microsoft.NET\Framework\v2.0.50727\MSBuild.exe"/>
    <capability key="system.jdk.JDK" value="C:\Program Files\Java\jdk1.8.0_144\"/>
    <capability key="system.jdk.JDK 1.8" value="C:\Program Files\Java\jdk1.8.0_144\"/>
    <capability key="system.builder.msbuild.MSBuild v4.0 (64bit)" value="C:\WINDOWS\Microsoft.NET\Framework64\v4.0.30319\MSBuild.exe"/>
    <capability key="system.builder.msbuild.MSBuild v3.5 (32bit)" value="C:\WINDOWS\Microsoft.NET\Framework\v3.5\MSBuild.exe"/>
    <capability key="system.jdk.JDK 1.8.0_144" value="C:\Program Files\Java\jdk1.8.0_144\"/>
    <capability key="system.builder.msbuild.MSBuild v2.0 (64bit)" value="C:\WINDOWS\Microsoft.NET\Framework64\v2.0.50727\MSBuild.exe"/>
    <capability key="system.builder.msbuild.MSBuild v3.5 (64bit)" value="C:\WINDOWS\Microsoft.NET\Framework64\v3.5\MSBuild.exe"/>
    <capability key="system.builder.msbuild.MSBuild v4.0 (32bit)" value="C:\WINDOWS\Microsoft.NET\Framework\v4.0.30319\MSBuild.exe"/>
   </capabilities>
  </pipeline>
  <pipeline>
   <id>13303809</id>
   <creationDate>portable AD 2018-06-22 17:56:49.842 +0300</creationDate>
   <modificationDate>portable AD 2018-11-02 16:42:20.273 +0300</modificationDate>
   <type>REMOTE</type>
   <name>ECSE00100756.epam.com</name>
   <description>Remote agent on host ECSE00100756.epam.com</description>
   <enabled>true</enabled>
   <lastStartTime>portable AD 2018-11-02 16:42:20.273 +0300</lastStartTime>
   <capabilities>
    <capability key="system.builder.command.BrowserStack" value="/opt/browserstack/BrowserStackLocal"/>
    <capability key="system.docker.executable" value="/bin/docker"/>
    <capability key="system.jdk.JDK 1.8" value="/usr/lib/jvm/java-1.8.0-openjdk-1.8.0.171-8.b10.el7_5.x86_64/jre"/>
    <capability key="system.builder.node.Node.js" value="/usr/bin/node"/>
    <capability key="system.git.executable" value="/bin/git"/>
    <capability key="system.builder.mvn3.Maven 3" value="/usr/local/src/apache-maven"/>
    <capability key="system.jdk.JDK 1.8.0_171" value="/usr/lib/jvm/java-1.8.0-openjdk-1.8.0.171-8.b10.el7_5.x86_64/jre"/>
    <capability key="system.jdk.JDK" value="/usr/lib/jvm/java-1.8.0-openjdk-1.8.0.171-8.b10.el7_5.x86_64/jre"/>
   </capabilities>
  </pipeline>
  <pipeline>
   <id>17530883</id>
   <creationDate>portable AD 2018-08-27 11:08:20.980 +0300</creationDate>
   <modificationDate>portable AD 2018-11-02 16:47:03.982 +0300</modificationDate>
   <type>REMOTE</type>
   <name>ECSE00100756.epam.com (2)</name>
   <description>Remote agent on host ECSE00100756.epam.com</description>
   <enabled>true</enabled>
   <lastStartTime>portable AD 2018-11-02 16:47:03.982 +0300</lastStartTime>
   <capabilities>
    <capability key="system.docker.executable" value="/bin/docker"/>
    <capability key="system.jdk.JDK 1.8" value="/usr/lib/jvm/java-1.8.0-openjdk-1.8.0.171-8.b10.el7_5.x86_64/jre"/>
    <capability key="system.builder.node.Node.js" value="/usr/bin/node"/>
    <capability key="system.git.executable" value="/bin/git"/>
    <capability key="system.builder.mvn3.Maven 3" value="/usr/local/src/apache-maven"/>
    <capability key="system.jdk.JDK 1.8.0_171" value="/usr/lib/jvm/java-1.8.0-openjdk-1.8.0.171-8.b10.el7_5.x86_64/jre"/>
    <capability key="system.jdk.JDK" value="/usr/lib/jvm/java-1.8.0-openjdk-1.8.0.171-8.b10.el7_5.x86_64/jre"/>
   </capabilities>
  </pipeline>
  <pipeline>
   <id>30113793</id>
   <creationDate>portable AD 2018-11-02 16:56:15.839 +0300</creationDate>
   <modificationDate>portable AD 2018-11-02 16:56:15.839 +0300</modificationDate>
   <type>REMOTE</type>
   <name>ECSE001008FE.epam.com</name>
   <description>Remote agent on host ECSE001008FE.epam.com</description>
   <enabled>true</enabled>
   <lastStartTime>portable AD 2018-11-02 16:56:15.839 +0300</lastStartTime>
   <capabilities>
    <capability key="system.docker.executable" value="/bin/docker"/>
    <capability key="system.jdk.JDK 1.8" value="/usr/lib/jvm/java-1.8.0-openjdk-1.8.0.131-3.b12.el7_3.x86_64"/>
    <capability key="system.builder.node.Node.js" value="/usr/bin/node"/>
    <capability key="system.jdk.JDK" value="/usr/lib/jvm/java-1.8.0-openjdk-1.8.0.131-3.b12.el7_3.x86_64"/>
    <capability key="system.builder.mvn3.Maven 3" value="/usr/share/maven"/>
    <capability key="system.git.executable" value="/bin/git"/>
    <capability key="system.jdk.JDK 1.8.0_131" value="/usr/lib/jvm/java-1.8.0-openjdk-1.8.0.131-3.b12.el7_3.x86_64"/>
    <capability key="system.builder.ant.Ant" value="/usr"/>
   </capabilities>
  </pipeline>
  <pipeline>
   <id>30113794</id>
   <creationDate>portable AD 2018-11-02 16:56:48.155 +0300</creationDate>
   <modificationDate>portable AD 2018-11-02 16:56:48.155 +0300</modificationDate>
   <type>REMOTE</type>
   <name>ECSE001008FE.epam.com (2)</name>
   <description>Remote agent on host ECSE001008FE.epam.com</description>
   <enabled>true</enabled>
   <lastStartTime>portable AD 2018-11-02 16:56:48.155 +0300</lastStartTime>
   <capabilities>
    <capability key="system.docker.executable" value="/bin/docker"/>
    <capability key="system.jdk.JDK 1.8" value="/usr/lib/jvm/java-1.8.0-openjdk-1.8.0.131-3.b12.el7_3.x86_64"/>
    <capability key="system.builder.node.Node.js" value="/usr/bin/node"/>
    <capability key="system.jdk.JDK" value="/usr/lib/jvm/java-1.8.0-openjdk-1.8.0.131-3.b12.el7_3.x86_64"/>
    <capability key="system.builder.mvn3.Maven 3" value="/usr/share/maven"/>
    <capability key="system.git.executable" value="/bin/git"/>
    <capability key="system.jdk.JDK 1.8.0_131" value="/usr/lib/jvm/java-1.8.0-openjdk-1.8.0.131-3.b12.el7_3.x86_64"/>
    <capability key="system.builder.ant.Ant" value="/usr"/>
   </capabilities>
  </pipeline>
  <pipeline>
   <id>11141129</id>
   <creationDate>portable AD 2018-04-26 14:59:38.791 +0300</creationDate>
   <modificationDate>portable AD 2018-11-04 07:11:38.989 +0300</modificationDate>
   <type>REMOTE</type>
   <name>ECSE00100A41.epam.com</name>
   <description>Remote agent on host ECSE00100A41.epam.com</description>
   <enabled>true</enabled>
   <lastStartTime>portable AD 2018-11-04 07:11:38.960 +0300</lastStartTime>
   <capabilities>
    <capability key="system.builder.mvn3.Maven win" value="C:\programs\apache-maven-3.5.0"/>
    <capability key="system.builder.msbuild.MSBuild v2.0 (32bit)" value="C:\WINDOWS\Microsoft.NET\Framework\v2.0.50727\MSBuild.exe"/>
    <capability key="system.jdk.JDK" value="C:\Program Files\Java\jdk1.8.0_144\"/>
    <capability key="system.jdk.JDK 1.8" value="C:\Program Files\Java\jdk1.8.0_144\"/>
    <capability key="system.builder.msbuild.MSBuild v4.0 (64bit)" value="C:\WINDOWS\Microsoft.NET\Framework64\v4.0.30319\MSBuild.exe"/>
    <capability key="system.builder.msbuild.MSBuild v3.5 (32bit)" value="C:\WINDOWS\Microsoft.NET\Framework\v3.5\MSBuild.exe"/>
    <capability key="system.jdk.JDK 1.8.0_144" value="C:\Program Files\Java\jdk1.8.0_144\"/>
    <capability key="system.builder.msbuild.MSBuild v2.0 (64bit)" value="C:\WINDOWS\Microsoft.NET\Framework64\v2.0.50727\MSBuild.exe"/>
    <capability key="system.builder.msbuild.MSBuild v3.5 (64bit)" value="C:\WINDOWS\Microsoft.NET\Framework64\v3.5\MSBuild.exe"/>
    <capability key="system.builder.msbuild.MSBuild v4.0 (32bit)" value="C:\WINDOWS\Microsoft.NET\Framework\v4.0.30319\MSBuild.exe"/>
   </capabilities>
  </pipeline>
  <pipeline>
   <id>11141130</id>
   <creationDate>portable AD 2018-04-26 15:02:13.778 +0300</creationDate>
   <modificationDate>portable AD 2018-11-04 07:11:39.007 +0300</modificationDate>
   <type>REMOTE</type>
   <name>ECSE00100A41.epam.com (2)</name>
   <description>Remote agent on host ECSE00100A41.epam.com</description>
   <enabled>true</enabled>
   <lastStartTime>portable AD 2018-11-04 07:11:39.007 +0300</lastStartTime>
   <capabilities>
    <capability key="system.builder.msbuild.MSBuild v2.0 (32bit)" value="C:\WINDOWS\Microsoft.NET\Framework\v2.0.50727\MSBuild.exe"/>
    <capability key="system.builder.mvn3.Maven win" value="C:\programs\apache-maven-3.5.0"/>
    <capability key="system.jdk.JDK" value="C:\Program Files\Java\jdk1.8.0_144\"/>
    <capability key="system.jdk.JDK 1.8" value="C:\Program Files\Java\jdk1.8.0_144\"/>
    <capability key="system.builder.msbuild.MSBuild v4.0 (64bit)" value="C:\WINDOWS\Microsoft.NET\Framework64\v4.0.30319\MSBuild.exe"/>
    <capability key="system.builder.msbuild.MSBuild v3.5 (32bit)" value="C:\WINDOWS\Microsoft.NET\Framework\v3.5\MSBuild.exe"/>
    <capability key="system.jdk.JDK 1.8.0_144" value="C:\Program Files\Java\jdk1.8.0_144\"/>
    <capability key="system.builder.msbuild.MSBuild v2.0 (64bit)" value="C:\WINDOWS\Microsoft.NET\Framework64\v2.0.50727\MSBuild.exe"/>
    <capability key="system.builder.msbuild.MSBuild v3.5 (64bit)" value="C:\WINDOWS\Microsoft.NET\Framework64\v3.5\MSBuild.exe"/>
    <capability key="system.builder.msbuild.MSBuild v4.0 (32bit)" value="C:\WINDOWS\Microsoft.NET\Framework\v4.0.30319\MSBuild.exe"/>
   </capabilities>
  </pipeline>
 </pipelines>
</bamboo>