<?xml version='1.1' encoding='UTF-8' standalone='yes'?>
<bamboo>
 <date>Wed Nov 07 12:33:05 MSK 2018</date>
 <version>6.6.2</version>
 <buildDate>14-Aug-2018</buildDate>
 <build>60606</build>
 <serverID>BIJ0-DZ8E-QJRU-JRPJ</serverID>
 <planBuildNumbers>
  <buildNumbers>
   <id>24969331</id>
   <planId>24674533</planId>
   <nextBuildNumber>6</nextBuildNumber>
  </buildNumbers>
  <buildNumbers>
   <id>8323106</id>
   <planId>8028227</planId>
   <nextBuildNumber>3</nextBuildNumber>
  </buildNumbers>
  <buildNumbers>
   <id>1966085</id>
   <planId>1802251</planId>
   <nextBuildNumber>2</nextBuildNumber>
  </buildNumbers>
  <buildNumbers>
   <id>14319624</id>
   <planId>14024719</planId>
   <nextBuildNumber>6</nextBuildNumber>
  </buildNumbers>
  <buildNumbers>
   <id>1966084</id>
   <planId>1802247</planId>
   <nextBuildNumber>43</nextBuildNumber>
  </buildNumbers>
  <buildNumbers>
   <id>14319668</id>
   <planId>14024807</planId>
   <nextBuildNumber>6</nextBuildNumber>
  </buildNumbers>
  <buildNumbers>
   <id>6553627</id>
   <planId>6324277</planId>
   <nextBuildNumber>495</nextBuildNumber>
  </buildNumbers>
  <buildNumbers>
   <id>6553628</id>
   <planId>6324279</planId>
   <nextBuildNumber>480</nextBuildNumber>
  </buildNumbers>
  <buildNumbers>
   <id>8323141</id>
   <planId>8028297</planId>
   <nextBuildNumber>35</nextBuildNumber>
  </buildNumbers>
  <buildNumbers>
   <id>14319717</id>
   <planId>14024905</planId>
   <nextBuildNumber>2</nextBuildNumber>
  </buildNumbers>
  <buildNumbers>
   <id>14319720</id>
   <planId>14024911</planId>
   <nextBuildNumber>61</nextBuildNumber>
  </buildNumbers>
  <buildNumbers>
   <id>20709415</id>
   <planId>20414541</planId>
   <nextBuildNumber>61</nextBuildNumber>
  </buildNumbers>
  <buildNumbers>
   <id>26279979</id>
   <planId>25985109</planId>
   <nextBuildNumber>9</nextBuildNumber>
  </buildNumbers>
  <buildNumbers>
   <id>28049411</id>
   <planId>27754501</planId>
   <nextBuildNumber>3</nextBuildNumber>
  </buildNumbers>
  <buildNumbers>
   <id>8323166</id>
   <planId>8028347</planId>
   <nextBuildNumber>75</nextBuildNumber>
  </buildNumbers>
  <buildNumbers>
   <id>8323116</id>
   <planId>8028247</planId>
   <nextBuildNumber>28</nextBuildNumber>
  </buildNumbers>
  <buildNumbers>
   <id>24969388</id>
   <planId>24674647</planId>
   <nextBuildNumber>14</nextBuildNumber>
  </buildNumbers>
  <buildNumbers>
   <id>8323223</id>
   <planId>8028461</planId>
   <nextBuildNumber>6</nextBuildNumber>
  </buildNumbers>
  <buildNumbers>
   <id>1966087</id>
   <planId>1802255</planId>
   <nextBuildNumber>40</nextBuildNumber>
  </buildNumbers>
  <buildNumbers>
   <id>26279978</id>
   <planId>25985107</planId>
   <nextBuildNumber>9</nextBuildNumber>
  </buildNumbers>
  <buildNumbers>
   <id>8323222</id>
   <planId>8028459</planId>
   <nextBuildNumber>47</nextBuildNumber>
  </buildNumbers>
  <buildNumbers>
   <id>24969391</id>
   <planId>24674653</planId>
   <nextBuildNumber>14</nextBuildNumber>
  </buildNumbers>
  <buildNumbers>
   <id>8323160</id>
   <planId>8028335</planId>
   <nextBuildNumber>51</nextBuildNumber>
  </buildNumbers>
  <buildNumbers>
   <id>6553602</id>
   <planId>6324227</planId>
   <nextBuildNumber>243</nextBuildNumber>
  </buildNumbers>
  <buildNumbers>
   <id>29982729</id>
   <planId>29687825</planId>
   <nextBuildNumber>2</nextBuildNumber>
  </buildNumbers>
  <buildNumbers>
   <id>1966086</id>
   <planId>1802253</planId>
   <nextBuildNumber>483</nextBuildNumber>
  </buildNumbers>
  <buildNumbers>
   <id>8323210</id>
   <planId>8028435</planId>
   <nextBuildNumber>8</nextBuildNumber>
  </buildNumbers>
  <buildNumbers>
   <id>14319719</id>
   <planId>14024909</planId>
   <nextBuildNumber>2</nextBuildNumber>
  </buildNumbers>
  <buildNumbers>
   <id>28049414</id>
   <planId>27754507</planId>
   <nextBuildNumber>2</nextBuildNumber>
  </buildNumbers>
  <buildNumbers>
   <id>29982731</id>
   <planId>29687829</planId>
   <nextBuildNumber>2</nextBuildNumber>
  </buildNumbers>
  <buildNumbers>
   <id>11567139</id>
   <planId>11272265</planId>
   <nextBuildNumber>1</nextBuildNumber>
  </buildNumbers>
  <buildNumbers>
   <id>24969347</id>
   <planId>24674565</planId>
   <nextBuildNumber>5</nextBuildNumber>
  </buildNumbers>
  <buildNumbers>
   <id>14319716</id>
   <planId>14024903</planId>
   <nextBuildNumber>4</nextBuildNumber>
  </buildNumbers>
  <buildNumbers>
   <id>24969419</id>
   <planId>24674709</planId>
   <nextBuildNumber>3</nextBuildNumber>
  </buildNumbers>
  <buildNumbers>
   <id>14319712</id>
   <planId>14024895</planId>
   <nextBuildNumber>1</nextBuildNumber>
  </buildNumbers>
  <buildNumbers>
   <id>14319748</id>
   <planId>14024968</planId>
   <nextBuildNumber>2</nextBuildNumber>
  </buildNumbers>
  <buildNumbers>
   <id>11567140</id>
   <planId>11272267</planId>
   <nextBuildNumber>4</nextBuildNumber>
  </buildNumbers>
  <buildNumbers>
   <id>14319742</id>
   <planId>14024956</planId>
   <nextBuildNumber>4</nextBuildNumber>
  </buildNumbers>
  <buildNumbers>
   <id>24969386</id>
   <planId>24674643</planId>
   <nextBuildNumber>3</nextBuildNumber>
  </buildNumbers>
  <buildNumbers>
   <id>14319669</id>
   <planId>14024809</planId>
   <nextBuildNumber>2</nextBuildNumber>
  </buildNumbers>
  <buildNumbers>
   <id>11567155</id>
   <planId>11272297</planId>
   <nextBuildNumber>8</nextBuildNumber>
  </buildNumbers>
  <buildNumbers>
   <id>16908301</id>
   <planId>16613401</planId>
   <nextBuildNumber>43</nextBuildNumber>
  </buildNumbers>
  <buildNumbers>
   <id>14319655</id>
   <planId>14024781</planId>
   <nextBuildNumber>4</nextBuildNumber>
  </buildNumbers>
  <buildNumbers>
   <id>14319749</id>
   <planId>14024970</planId>
   <nextBuildNumber>2</nextBuildNumber>
  </buildNumbers>
  <buildNumbers>
   <id>14319750</id>
   <planId>14024972</planId>
   <nextBuildNumber>2</nextBuildNumber>
  </buildNumbers>
  <buildNumbers>
   <id>29982732</id>
   <planId>29687831</planId>
   <nextBuildNumber>2</nextBuildNumber>
  </buildNumbers>
  <buildNumbers>
   <id>29982734</id>
   <planId>29687835</planId>
   <nextBuildNumber>2</nextBuildNumber>
  </buildNumbers>
  <buildNumbers>
   <id>14319735</id>
   <planId>14024941</planId>
   <nextBuildNumber>2</nextBuildNumber>
  </buildNumbers>
  <buildNumbers>
   <id>11567138</id>
   <planId>11272263</planId>
   <nextBuildNumber>147</nextBuildNumber>
  </buildNumbers>
  <buildNumbers>
   <id>24969293</id>
   <planId>24674457</planId>
   <nextBuildNumber>40</nextBuildNumber>
  </buildNumbers>
  <buildNumbers>
   <id>29982735</id>
   <planId>29687837</planId>
   <nextBuildNumber>2</nextBuildNumber>
  </buildNumbers>
  <buildNumbers>
   <id>26279941</id>
   <planId>25985033</planId>
   <nextBuildNumber>6</nextBuildNumber>
  </buildNumbers>
  <buildNumbers>
   <id>14319688</id>
   <planId>14024847</planId>
   <nextBuildNumber>10</nextBuildNumber>
  </buildNumbers>
  <buildNumbers>
   <id>29982737</id>
   <planId>29687841</planId>
   <nextBuildNumber>4</nextBuildNumber>
  </buildNumbers>
  <buildNumbers>
   <id>16908302</id>
   <planId>16613403</planId>
   <nextBuildNumber>65</nextBuildNumber>
  </buildNumbers>
  <buildNumbers>
   <id>24969329</id>
   <planId>24674529</planId>
   <nextBuildNumber>10</nextBuildNumber>
  </buildNumbers>
  <buildNumbers>
   <id>29982740</id>
   <planId>29687847</planId>
   <nextBuildNumber>5</nextBuildNumber>
  </buildNumbers>
  <buildNumbers>
   <id>14319730</id>
   <planId>14024931</planId>
   <nextBuildNumber>321</nextBuildNumber>
  </buildNumbers>
  <buildNumbers>
   <id>18612228</id>
   <planId>18251784</planId>
   <nextBuildNumber>33</nextBuildNumber>
  </buildNumbers>
  <buildNumbers>
   <id>11567130</id>
   <planId>11272247</planId>
   <nextBuildNumber>183</nextBuildNumber>
  </buildNumbers>
  <buildNumbers>
   <id>24969222</id>
   <planId>24674315</planId>
   <nextBuildNumber>2</nextBuildNumber>
  </buildNumbers>
  <buildNumbers>
   <id>22478849</id>
   <planId>22183937</planId>
   <nextBuildNumber>23</nextBuildNumber>
  </buildNumbers>
  <buildNumbers>
   <id>29982723</id>
   <planId>29687813</planId>
   <nextBuildNumber>2</nextBuildNumber>
  </buildNumbers>
  <buildNumbers>
   <id>1966081</id>
   <planId>1802241</planId>
   <nextBuildNumber>962</nextBuildNumber>
  </buildNumbers>
  <buildNumbers>
   <id>26279989</id>
   <planId>25985129</planId>
   <nextBuildNumber>4</nextBuildNumber>
  </buildNumbers>
  <buildNumbers>
   <id>14319714</id>
   <planId>14024899</planId>
   <nextBuildNumber>11</nextBuildNumber>
  </buildNumbers>
  <buildNumbers>
   <id>14319752</id>
   <planId>14024976</planId>
   <nextBuildNumber>57</nextBuildNumber>
  </buildNumbers>
  <buildNumbers>
   <id>28049416</id>
   <planId>27754511</planId>
   <nextBuildNumber>2</nextBuildNumber>
  </buildNumbers>
  <buildNumbers>
   <id>18612227</id>
   <planId>18251782</planId>
   <nextBuildNumber>30</nextBuildNumber>
  </buildNumbers>
  <buildNumbers>
   <id>29982721</id>
   <planId>29687809</planId>
   <nextBuildNumber>6</nextBuildNumber>
  </buildNumbers>
  <buildNumbers>
   <id>6553607</id>
   <planId>6324237</planId>
   <nextBuildNumber>722</nextBuildNumber>
  </buildNumbers>
  <buildNumbers>
   <id>16908327</id>
   <planId>16613453</planId>
   <nextBuildNumber>13</nextBuildNumber>
  </buildNumbers>
  <buildNumbers>
   <id>14319705</id>
   <planId>14024881</planId>
   <nextBuildNumber>94</nextBuildNumber>
  </buildNumbers>
  <buildNumbers>
   <id>6553608</id>
   <planId>6324239</planId>
   <nextBuildNumber>1146</nextBuildNumber>
  </buildNumbers>
  <buildNumbers>
   <id>16908333</id>
   <planId>16613465</planId>
   <nextBuildNumber>2</nextBuildNumber>
  </buildNumbers>
  <buildNumbers>
   <id>14319623</id>
   <planId>14024717</planId>
   <nextBuildNumber>5</nextBuildNumber>
  </buildNumbers>
  <buildNumbers>
   <id>24969413</id>
   <planId>24674697</planId>
   <nextBuildNumber>2</nextBuildNumber>
  </buildNumbers>
  <buildNumbers>
   <id>24969323</id>
   <planId>24674517</planId>
   <nextBuildNumber>152</nextBuildNumber>
  </buildNumbers>
  <buildNumbers>
   <id>18612225</id>
   <planId>18251777</planId>
   <nextBuildNumber>96</nextBuildNumber>
  </buildNumbers>
  <buildNumbers>
   <id>26279976</id>
   <planId>25985103</planId>
   <nextBuildNumber>2</nextBuildNumber>
  </buildNumbers>
  <buildNumbers>
   <id>14319641</id>
   <planId>14024753</planId>
   <nextBuildNumber>143</nextBuildNumber>
  </buildNumbers>
  <buildNumbers>
   <id>26279953</id>
   <planId>25985057</planId>
   <nextBuildNumber>2</nextBuildNumber>
  </buildNumbers>
  <buildNumbers>
   <id>26279961</id>
   <planId>25985073</planId>
   <nextBuildNumber>5</nextBuildNumber>
  </buildNumbers>
  <buildNumbers>
   <id>26279963</id>
   <planId>25985077</planId>
   <nextBuildNumber>5</nextBuildNumber>
  </buildNumbers>
  <buildNumbers>
   <id>26279955</id>
   <planId>25985061</planId>
   <nextBuildNumber>2</nextBuildNumber>
  </buildNumbers>
  <buildNumbers>
   <id>24969405</id>
   <planId>24674681</planId>
   <nextBuildNumber>8</nextBuildNumber>
  </buildNumbers>
  <buildNumbers>
   <id>14319691</id>
   <planId>14024853</planId>
   <nextBuildNumber>25</nextBuildNumber>
  </buildNumbers>
  <buildNumbers>
   <id>24969408</id>
   <planId>24674687</planId>
   <nextBuildNumber>8</nextBuildNumber>
  </buildNumbers>
  <buildNumbers>
   <id>18612226</id>
   <planId>18251780</planId>
   <nextBuildNumber>1</nextBuildNumber>
  </buildNumbers>
  <buildNumbers>
   <id>29982739</id>
   <planId>29687845</planId>
   <nextBuildNumber>2</nextBuildNumber>
  </buildNumbers>
  <buildNumbers>
   <id>28049409</id>
   <planId>27754497</planId>
   <nextBuildNumber>2</nextBuildNumber>
  </buildNumbers>
  <buildNumbers>
   <id>24969403</id>
   <planId>24674677</planId>
   <nextBuildNumber>2</nextBuildNumber>
  </buildNumbers>
  <buildNumbers>
   <id>29982742</id>
   <planId>29687851</planId>
   <nextBuildNumber>2</nextBuildNumber>
  </buildNumbers>
  <buildNumbers>
   <id>11567123</id>
   <planId>11272232</planId>
   <nextBuildNumber>89</nextBuildNumber>
  </buildNumbers>
  <buildNumbers>
   <id>29982744</id>
   <planId>29687855</planId>
   <nextBuildNumber>2</nextBuildNumber>
  </buildNumbers>
  <buildNumbers>
   <id>26279965</id>
   <planId>25985081</planId>
   <nextBuildNumber>2</nextBuildNumber>
  </buildNumbers>
  <buildNumbers>
   <id>26279967</id>
   <planId>25985085</planId>
   <nextBuildNumber>2</nextBuildNumber>
  </buildNumbers>
  <buildNumbers>
   <id>29982725</id>
   <planId>29687817</planId>
   <nextBuildNumber>7</nextBuildNumber>
  </buildNumbers>
  <buildNumbers>
   <id>29982727</id>
   <planId>29687821</planId>
   <nextBuildNumber>3</nextBuildNumber>
  </buildNumbers>
  <buildNumbers>
   <id>16908326</id>
   <planId>16613451</planId>
   <nextBuildNumber>8</nextBuildNumber>
  </buildNumbers>
  <buildNumbers>
   <id>24969387</id>
   <planId>24674645</planId>
   <nextBuildNumber>14</nextBuildNumber>
  </buildNumbers>
  <buildNumbers>
   <id>26279980</id>
   <planId>25985111</planId>
   <nextBuildNumber>9</nextBuildNumber>
  </buildNumbers>
  <buildNumbers>
   <id>26279954</id>
   <planId>25985059</planId>
   <nextBuildNumber>2</nextBuildNumber>
  </buildNumbers>
  <buildNumbers>
   <id>26279956</id>
   <planId>25985063</planId>
   <nextBuildNumber>2</nextBuildNumber>
  </buildNumbers>
  <buildNumbers>
   <id>29982730</id>
   <planId>29687827</planId>
   <nextBuildNumber>2</nextBuildNumber>
  </buildNumbers>
  <buildNumbers>
   <id>29982733</id>
   <planId>29687833</planId>
   <nextBuildNumber>2</nextBuildNumber>
  </buildNumbers>
  <buildNumbers>
   <id>29982736</id>
   <planId>29687839</planId>
   <nextBuildNumber>2</nextBuildNumber>
  </buildNumbers>
  <buildNumbers>
   <id>26279962</id>
   <planId>25985075</planId>
   <nextBuildNumber>2</nextBuildNumber>
  </buildNumbers>
  <buildNumbers>
   <id>26279990</id>
   <planId>25985131</planId>
   <nextBuildNumber>381</nextBuildNumber>
  </buildNumbers>
  <buildNumbers>
   <id>24969296</id>
   <planId>24674463</planId>
   <nextBuildNumber>6</nextBuildNumber>
  </buildNumbers>
  <buildNumbers>
   <id>24969344</id>
   <planId>24674559</planId>
   <nextBuildNumber>2</nextBuildNumber>
  </buildNumbers>
  <buildNumbers>
   <id>24969332</id>
   <planId>24674535</planId>
   <nextBuildNumber>3</nextBuildNumber>
  </buildNumbers>
  <buildNumbers>
   <id>24969330</id>
   <planId>24674531</planId>
   <nextBuildNumber>4</nextBuildNumber>
  </buildNumbers>
  <buildNumbers>
   <id>28049415</id>
   <planId>27754509</planId>
   <nextBuildNumber>2</nextBuildNumber>
  </buildNumbers>
  <buildNumbers>
   <id>26279960</id>
   <planId>25985071</planId>
   <nextBuildNumber>5</nextBuildNumber>
  </buildNumbers>
  <buildNumbers>
   <id>28049417</id>
   <planId>27754513</planId>
   <nextBuildNumber>2</nextBuildNumber>
  </buildNumbers>
  <buildNumbers>
   <id>23887891</id>
   <planId>23592997</planId>
   <nextBuildNumber>2</nextBuildNumber>
  </buildNumbers>
  <buildNumbers>
   <id>26279964</id>
   <planId>25985079</planId>
   <nextBuildNumber>2</nextBuildNumber>
  </buildNumbers>
  <buildNumbers>
   <id>26279966</id>
   <planId>25985083</planId>
   <nextBuildNumber>2</nextBuildNumber>
  </buildNumbers>
  <buildNumbers>
   <id>18612282</id>
   <planId>18251892</planId>
   <nextBuildNumber>2</nextBuildNumber>
  </buildNumbers>
  <buildNumbers>
   <id>18612283</id>
   <planId>18251894</planId>
   <nextBuildNumber>2</nextBuildNumber>
  </buildNumbers>
  <buildNumbers>
   <id>28049418</id>
   <planId>27754515</planId>
   <nextBuildNumber>2</nextBuildNumber>
  </buildNumbers>
  <buildNumbers>
   <id>24969390</id>
   <planId>24674651</planId>
   <nextBuildNumber>2</nextBuildNumber>
  </buildNumbers>
  <buildNumbers>
   <id>26279975</id>
   <planId>25985101</planId>
   <nextBuildNumber>4</nextBuildNumber>
  </buildNumbers>
  <buildNumbers>
   <id>29982738</id>
   <planId>29687843</planId>
   <nextBuildNumber>5</nextBuildNumber>
  </buildNumbers>
  <buildNumbers>
   <id>28049410</id>
   <planId>27754499</planId>
   <nextBuildNumber>2</nextBuildNumber>
  </buildNumbers>
  <buildNumbers>
   <id>26279977</id>
   <planId>25985105</planId>
   <nextBuildNumber>8</nextBuildNumber>
  </buildNumbers>
  <buildNumbers>
   <id>29982722</id>
   <planId>29687811</planId>
   <nextBuildNumber>6</nextBuildNumber>
  </buildNumbers>
  <buildNumbers>
   <id>29982724</id>
   <planId>29687815</planId>
   <nextBuildNumber>6</nextBuildNumber>
  </buildNumbers>
  <buildNumbers>
   <id>29982743</id>
   <planId>29687853</planId>
   <nextBuildNumber>2</nextBuildNumber>
  </buildNumbers>
  <buildNumbers>
   <id>24969354</id>
   <planId>24674579</planId>
   <nextBuildNumber>2</nextBuildNumber>
  </buildNumbers>
  <buildNumbers>
   <id>29982745</id>
   <planId>29687857</planId>
   <nextBuildNumber>2</nextBuildNumber>
  </buildNumbers>
  <buildNumbers>
   <id>24969282</id>
   <planId>24674435</planId>
   <nextBuildNumber>2</nextBuildNumber>
  </buildNumbers>
  <buildNumbers>
   <id>28049422</id>
   <planId>27754523</planId>
   <nextBuildNumber>2</nextBuildNumber>
  </buildNumbers>
  <buildNumbers>
   <id>28049420</id>
   <planId>27754519</planId>
   <nextBuildNumber>5</nextBuildNumber>
  </buildNumbers>
  <buildNumbers>
   <id>29982726</id>
   <planId>29687819</planId>
   <nextBuildNumber>7</nextBuildNumber>
  </buildNumbers>
  <buildNumbers>
   <id>29982728</id>
   <planId>29687823</planId>
   <nextBuildNumber>7</nextBuildNumber>
  </buildNumbers>
  <buildNumbers>
   <id>24969409</id>
   <planId>24674689</planId>
   <nextBuildNumber>2</nextBuildNumber>
  </buildNumbers>
  <buildNumbers>
   <id>24969411</id>
   <planId>24674693</planId>
   <nextBuildNumber>2</nextBuildNumber>
  </buildNumbers>
  <buildNumbers>
   <id>14319700</id>
   <planId>14024871</planId>
   <nextBuildNumber>116</nextBuildNumber>
  </buildNumbers>
  <buildNumbers>
   <id>24969432</id>
   <planId>24674735</planId>
   <nextBuildNumber>6</nextBuildNumber>
  </buildNumbers>
  <buildNumbers>
   <id>24969271</id>
   <planId>24674413</planId>
   <nextBuildNumber>35</nextBuildNumber>
  </buildNumbers>
  <buildNumbers>
   <id>24969412</id>
   <planId>24674695</planId>
   <nextBuildNumber>2</nextBuildNumber>
  </buildNumbers>
  <buildNumbers>
   <id>28049412</id>
   <planId>27754503</planId>
   <nextBuildNumber>3</nextBuildNumber>
  </buildNumbers>
  <buildNumbers>
   <id>28049413</id>
   <planId>27754505</planId>
   <nextBuildNumber>3</nextBuildNumber>
  </buildNumbers>
  <buildNumbers>
   <id>24969404</id>
   <planId>24674679</planId>
   <nextBuildNumber>8</nextBuildNumber>
  </buildNumbers>
  <buildNumbers>
   <id>24969407</id>
   <planId>24674685</planId>
   <nextBuildNumber>3</nextBuildNumber>
  </buildNumbers>
 </planBuildNumbers>
</bamboo>