<?xml version='1.1' encoding='UTF-8' standalone='yes'?>
<bamboo>
 <date>Wed Nov 07 12:33:05 MSK 2018</date>
 <version>6.6.2</version>
 <buildDate>14-Aug-2018</buildDate>
 <build>60606</build>
 <serverID>BIJ0-DZ8E-QJRU-JRPJ</serverID>
 <planRepositories>
  <planRepository>
   <id>14254135</id>
   <plan>NMP-BB45</plan>
   <repositoryDefinition>14221369</repositoryDefinition>
   <position>0</position>
  </planRepository>
  <planRepository>
   <id>14254136</id>
   <plan>NMP-BB46</plan>
   <repositoryDefinition>14221370</repositoryDefinition>
   <position>0</position>
  </planRepository>
  <planRepository>
   <id>26214428</id>
   <plan>NMP-TJ142</plan>
   <repositoryDefinition>26181660</repositoryDefinition>
   <position>0</position>
  </planRepository>
  <planRepository>
   <id>26214429</id>
   <plan>NMP-UTC142</plan>
   <repositoryDefinition>26181661</repositoryDefinition>
   <position>0</position>
  </planRepository>
  <planRepository>
   <id>11501608</id>
   <plan>NMP-TES</plan>
   <repositoryDefinition>11468841</repositoryDefinition>
   <position>0</position>
  </planRepository>
  <planRepository>
   <id>8257678</id>
   <plan>NMP-CQU</plan>
   <repositoryDefinition>8224915</repositoryDefinition>
   <position>0</position>
  </planRepository>
  <planRepository>
   <id>1933319</id>
   <plan>NMPDK-BUDD</plan>
   <repositoryDefinition>1900552</repositoryDefinition>
   <position>0</position>
  </planRepository>
  <planRepository>
   <id>11501613</id>
   <plan>SAL-AUT</plan>
   <repositoryDefinition>11468846</repositoryDefinition>
   <position>0</position>
  </planRepository>
  <planRepository>
   <id>20643875</id>
   <plan>SAL-US</plan>
   <repositoryDefinition>20611107</repositoryDefinition>
   <position>0</position>
  </planRepository>
  <planRepository>
   <id>26214430</id>
   <plan>NMP-BNU88</plan>
   <repositoryDefinition>26181662</repositoryDefinition>
   <position>0</position>
  </planRepository>
  <planRepository>
   <id>1933323</id>
   <plan>NMPDK-BC</plan>
   <repositoryDefinition>1900557</repositoryDefinition>
   <position>0</position>
  </planRepository>
  <planRepository>
   <id>1933313</id>
   <plan>NMP-BB</plan>
   <repositoryDefinition>1900545</repositoryDefinition>
   <position>0</position>
  </planRepository>
  <planRepository>
   <id>8257690</id>
   <plan>SAL-CQS</plan>
   <repositoryDefinition>8224927</repositoryDefinition>
   <position>0</position>
  </planRepository>
  <planRepository>
   <id>8257691</id>
   <plan>NMP-TES4</plan>
   <repositoryDefinition>8224928</repositoryDefinition>
   <position>0</position>
  </planRepository>
  <planRepository>
   <id>6520835</id>
   <plan>SAL-DS</plan>
   <repositoryDefinition>6488068</repositoryDefinition>
   <position>0</position>
  </planRepository>
  <planRepository>
   <id>8257626</id>
   <plan>NMP-TES3</plan>
   <repositoryDefinition>8224861</repositoryDefinition>
   <position>0</position>
  </planRepository>
  <planRepository>
   <id>6520840</id>
   <plan>NMP-CQ</plan>
   <repositoryDefinition>6488073</repositoryDefinition>
   <position>0</position>
  </planRepository>
  <planRepository>
   <id>6520842</id>
   <plan>NMP-TES2</plan>
   <repositoryDefinition>6488076</repositoryDefinition>
   <position>0</position>
  </planRepository>
  <planRepository>
   <id>8257632</id>
   <plan>NMP-UBTV</plan>
   <repositoryDefinition>8224867</repositoryDefinition>
   <position>0</position>
  </planRepository>
  <planRepository>
   <id>14254155</id>
   <plan>SAL-TES1</plan>
   <repositoryDefinition>14221389</repositoryDefinition>
   <position>0</position>
  </planRepository>
  <planRepository>
   <id>24903869</id>
   <plan>NMP-UTC132</plan>
   <repositoryDefinition>24871102</repositoryDefinition>
   <position>0</position>
  </planRepository>
  <planRepository>
   <id>8257571</id>
   <plan>NMP-TC</plan>
   <repositoryDefinition>8224805</repositoryDefinition>
   <position>0</position>
  </planRepository>
  <planRepository>
   <id>11501626</id>
   <plan>SAL-TES</plan>
   <repositoryDefinition>11468859</repositoryDefinition>
   <position>0</position>
  </planRepository>
  <planRepository>
   <id>14254158</id>
   <plan>SAL-AOAR</plan>
   <repositoryDefinition>14221392</repositoryDefinition>
   <position>0</position>
  </planRepository>
  <planRepository>
   <id>6520861</id>
   <plan>NMP-TJ</plan>
   <repositoryDefinition>6488095</repositoryDefinition>
   <position>0</position>
  </planRepository>
  <planRepository>
   <id>6520862</id>
   <plan>NMP-UTC</plan>
   <repositoryDefinition>6488096</repositoryDefinition>
   <position>0</position>
  </planRepository>
  <planRepository>
   <id>8257581</id>
   <plan>NMP-UNC</plan>
   <repositoryDefinition>8224815</repositoryDefinition>
   <position>0</position>
  </planRepository>
  <planRepository>
   <id>11501587</id>
   <plan>SAL-AOQFR</plan>
   <repositoryDefinition>11468819</repositoryDefinition>
   <position>0</position>
  </planRepository>
  <planRepository>
   <id>14254087</id>
   <plan>NMP-BZ</plan>
   <repositoryDefinition>14221320</repositoryDefinition>
   <position>0</position>
  </planRepository>
  <planRepository>
   <id>14254088</id>
   <plan>NMP-BB33</plan>
   <repositoryDefinition>14221321</repositoryDefinition>
   <position>0</position>
  </planRepository>
  <planRepository>
   <id>14254167</id>
   <plan>NMP-BAUWA</plan>
   <repositoryDefinition>14221402</repositoryDefinition>
   <position>0</position>
  </planRepository>
  <planRepository>
   <id>14254168</id>
   <plan>NMP-BAUWA</plan>
   <repositoryDefinition>14221401</repositoryDefinition>
   <position>1</position>
  </planRepository>
  <planRepository>
   <id>14254173</id>
   <plan>SAL-AB</plan>
   <repositoryDefinition>14221407</repositoryDefinition>
   <position>0</position>
  </planRepository>
  <planRepository>
   <id>24903872</id>
   <plan>NMP-BNU77</plan>
   <repositoryDefinition>24871105</repositoryDefinition>
   <position>0</position>
  </planRepository>
  <planRepository>
   <id>24903819</id>
   <plan>SAL-AUT1</plan>
   <repositoryDefinition>24871052</repositoryDefinition>
   <position>0</position>
  </planRepository>
  <planRepository>
   <id>26214440</id>
   <plan>NMP-BB179</plan>
   <repositoryDefinition>26181672</repositoryDefinition>
   <position>0</position>
  </planRepository>
  <planRepository>
   <id>26214443</id>
   <plan>NMP-UTC143</plan>
   <repositoryDefinition>26181675</repositoryDefinition>
   <position>0</position>
  </planRepository>
  <planRepository>
   <id>24903873</id>
   <plan>NMP-BAUWA68</plan>
   <repositoryDefinition>24871106</repositoryDefinition>
   <position>0</position>
  </planRepository>
  <planRepository>
   <id>11501594</id>
   <plan>NMP-BB</plan>
   <repositoryDefinition>11468826</repositoryDefinition>
   <position>1</position>
  </planRepository>
  <planRepository>
   <id>11501595</id>
   <plan>NMP-BE</plan>
   <repositoryDefinition>11468828</repositoryDefinition>
   <position>0</position>
  </planRepository>
  <planRepository>
   <id>14254107</id>
   <plan>NMP-BNU</plan>
   <repositoryDefinition>14221339</repositoryDefinition>
   <position>1</position>
  </planRepository>
  <planRepository>
   <id>14254108</id>
   <plan>NMP-BNU</plan>
   <repositoryDefinition>14221342</repositoryDefinition>
   <position>0</position>
  </planRepository>
  <planRepository>
   <id>14254180</id>
   <plan>SAL-AOUR</plan>
   <repositoryDefinition>14221414</repositoryDefinition>
   <position>0</position>
  </planRepository>
  <planRepository>
   <id>14254182</id>
   <plan>NMP-BB71</plan>
   <repositoryDefinition>14221416</repositoryDefinition>
   <position>0</position>
  </planRepository>
  <planRepository>
   <id>23822355</id>
   <plan>NMP-BB113</plan>
   <repositoryDefinition>23789587</repositoryDefinition>
   <position>0</position>
  </planRepository>
  <planRepository>
   <id>11501603</id>
   <plan>NMP-TES5</plan>
   <repositoryDefinition>11468836</repositoryDefinition>
   <position>0</position>
  </planRepository>
  <planRepository>
   <id>11501604</id>
   <plan>NMP-TES6</plan>
   <repositoryDefinition>11468837</repositoryDefinition>
   <position>0</position>
  </planRepository>
  <planRepository>
   <id>11501605</id>
   <plan>NMP-BB32</plan>
   <repositoryDefinition>11468838</repositoryDefinition>
   <position>0</position>
  </planRepository>
  <planRepository>
   <id>14254185</id>
   <plan>NMP-BB73</plan>
   <repositoryDefinition>14221419</repositoryDefinition>
   <position>0</position>
  </planRepository>
  <planRepository>
   <id>14254186</id>
   <plan>NMP-BB74</plan>
   <repositoryDefinition>14221420</repositoryDefinition>
   <position>0</position>
  </planRepository>
  <planRepository>
   <id>22413313</id>
   <plan>SAL-DS11</plan>
   <repositoryDefinition>22380545</repositoryDefinition>
   <position>0</position>
  </planRepository>
  <planRepository>
   <id>14254188</id>
   <plan>NMP-BB76</plan>
   <repositoryDefinition>14221422</repositoryDefinition>
   <position>0</position>
  </planRepository>
  <planRepository>
   <id>14254189</id>
   <plan>NMP-BRTS</plan>
   <repositoryDefinition>14221424</repositoryDefinition>
   <position>0</position>
  </planRepository>
  <planRepository>
   <id>14254122</id>
   <plan>NMP-BE1</plan>
   <repositoryDefinition>14221356</repositoryDefinition>
   <position>0</position>
  </planRepository>
  <planRepository>
   <id>24903877</id>
   <plan>NMP-BNU78</plan>
   <repositoryDefinition>24871110</repositoryDefinition>
   <position>0</position>
  </planRepository>
  <planRepository>
   <id>14254199</id>
   <plan>SAL-DS10</plan>
   <repositoryDefinition>14221434</repositoryDefinition>
   <position>0</position>
  </planRepository>
  <planRepository>
   <id>14254204</id>
   <plan>NMP-BB85</plan>
   <repositoryDefinition>14221439</repositoryDefinition>
   <position>0</position>
  </planRepository>
  <planRepository>
   <id>24903884</id>
   <plan>NMP-BNU80</plan>
   <repositoryDefinition>24871117</repositoryDefinition>
   <position>0</position>
  </planRepository>
  <planRepository>
   <id>27983873</id>
   <plan>NMP-BB180</plan>
   <repositoryDefinition>27951105</repositoryDefinition>
   <position>0</position>
  </planRepository>
  <planRepository>
   <id>14254211</id>
   <plan>SAL-AOPR</plan>
   <repositoryDefinition>14221446</repositoryDefinition>
   <position>0</position>
  </planRepository>
  <planRepository>
   <id>27983875</id>
   <plan>NMP-UTC146</plan>
   <repositoryDefinition>27951107</repositoryDefinition>
   <position>0</position>
  </planRepository>
  <planRepository>
   <id>27983877</id>
   <plan>NMP-TJ146</plan>
   <repositoryDefinition>27951109</repositoryDefinition>
   <position>0</position>
  </planRepository>
  <planRepository>
   <id>27983879</id>
   <plan>NMP-BNU94</plan>
   <repositoryDefinition>27951111</repositoryDefinition>
   <position>0</position>
  </planRepository>
  <planRepository>
   <id>27983881</id>
   <plan>NMP-BAUWA83</plan>
   <repositoryDefinition>27951113</repositoryDefinition>
   <position>0</position>
  </planRepository>
  <planRepository>
   <id>27983882</id>
   <plan>NMP-UTC147</plan>
   <repositoryDefinition>27951114</repositoryDefinition>
   <position>0</position>
  </planRepository>
  <planRepository>
   <id>14254219</id>
   <plan>NMP-BB86</plan>
   <repositoryDefinition>14221454</repositoryDefinition>
   <position>0</position>
  </planRepository>
  <planRepository>
   <id>14254220</id>
   <plan>NMP-BB87</plan>
   <repositoryDefinition>14221455</repositoryDefinition>
   <position>0</position>
  </planRepository>
  <planRepository>
   <id>14254221</id>
   <plan>NMP-BB88</plan>
   <repositoryDefinition>14221456</repositoryDefinition>
   <position>0</position>
  </planRepository>
  <planRepository>
   <id>14254223</id>
   <plan>NMP-TIS</plan>
   <repositoryDefinition>14221459</repositoryDefinition>
   <position>0</position>
  </planRepository>
  <planRepository>
   <id>27983884</id>
   <plan>NMP-BRD2</plan>
   <repositoryDefinition>27951116</repositoryDefinition>
   <position>0</position>
  </planRepository>
  <planRepository>
   <id>24903686</id>
   <plan>NMP-TIS3</plan>
   <repositoryDefinition>24870918</repositoryDefinition>
   <position>0</position>
  </planRepository>
  <planRepository>
   <id>27983886</id>
   <plan>NMP-TES8</plan>
   <repositoryDefinition>27951118</repositoryDefinition>
   <position>0</position>
  </planRepository>
  <planRepository>
   <id>29917185</id>
   <plan>NMP-UTC148</plan>
   <repositoryDefinition>29884417</repositoryDefinition>
   <position>0</position>
  </planRepository>
  <planRepository>
   <id>29917187</id>
   <plan>NMP-BNU95</plan>
   <repositoryDefinition>29884419</repositoryDefinition>
   <position>0</position>
  </planRepository>
  <planRepository>
   <id>29917189</id>
   <plan>NMP-UTC149</plan>
   <repositoryDefinition>29884421</repositoryDefinition>
   <position>0</position>
  </planRepository>
  <planRepository>
   <id>29917191</id>
   <plan>NMP-BNU96</plan>
   <repositoryDefinition>29884423</repositoryDefinition>
   <position>0</position>
  </planRepository>
  <planRepository>
   <id>24903852</id>
   <plan>NMP-UTC130</plan>
   <repositoryDefinition>24871085</repositoryDefinition>
   <position>0</position>
  </planRepository>
  <planRepository>
   <id>29917193</id>
   <plan>NMP-TJ150</plan>
   <repositoryDefinition>29884425</repositoryDefinition>
   <position>0</position>
  </planRepository>
  <planRepository>
   <id>24903856</id>
   <plan>NMP-BAUWA66</plan>
   <repositoryDefinition>24871089</repositoryDefinition>
   <position>0</position>
  </planRepository>
  <planRepository>
   <id>29917195</id>
   <plan>NMP-BNU97</plan>
   <repositoryDefinition>29884427</repositoryDefinition>
   <position>0</position>
  </planRepository>
  <planRepository>
   <id>29917196</id>
   <plan>NMP-BAUWA86</plan>
   <repositoryDefinition>29884428</repositoryDefinition>
   <position>0</position>
  </planRepository>
  <planRepository>
   <id>29917198</id>
   <plan>NMP-TJ151</plan>
   <repositoryDefinition>29884430</repositoryDefinition>
   <position>0</position>
  </planRepository>
  <planRepository>
   <id>29917200</id>
   <plan>NMP-BAUWA87</plan>
   <repositoryDefinition>29884432</repositoryDefinition>
   <position>0</position>
  </planRepository>
  <planRepository>
   <id>29917202</id>
   <plan>NMP-TJ152</plan>
   <repositoryDefinition>29884434</repositoryDefinition>
   <position>0</position>
  </planRepository>
  <planRepository>
   <id>24903898</id>
   <plan>NMP-BVS</plan>
   <repositoryDefinition>24871131</repositoryDefinition>
   <position>0</position>
  </planRepository>
  <planRepository>
   <id>29917204</id>
   <plan>NMP-BAUWA88</plan>
   <repositoryDefinition>29884436</repositoryDefinition>
   <position>0</position>
  </planRepository>
  <planRepository>
   <id>29917206</id>
   <plan>NMP-TJ153</plan>
   <repositoryDefinition>29884438</repositoryDefinition>
   <position>0</position>
  </planRepository>
  <planRepository>
   <id>29917208</id>
   <plan>NMP-BNU100</plan>
   <repositoryDefinition>29884440</repositoryDefinition>
   <position>0</position>
  </planRepository>
  <planRepository>
   <id>26214405</id>
   <plan>NMP-BAS0</plan>
   <repositoryDefinition>26181637</repositoryDefinition>
   <position>0</position>
  </planRepository>
  <planRepository>
   <id>26214418</id>
   <plan>NMP-UTC140</plan>
   <repositoryDefinition>26181650</repositoryDefinition>
   <position>0</position>
  </planRepository>
  <planRepository>
   <id>26214420</id>
   <plan>NMP-BAUWA76</plan>
   <repositoryDefinition>26181652</repositoryDefinition>
   <position>0</position>
  </planRepository>
  <planRepository>
   <id>26214424</id>
   <plan>NMP-UTC141</plan>
   <repositoryDefinition>26181656</repositoryDefinition>
   <position>0</position>
  </planRepository>
  <planRepository>
   <id>26214426</id>
   <plan>NMP-BNU87</plan>
   <repositoryDefinition>26181658</repositoryDefinition>
   <position>0</position>
  </planRepository>
  <planRepository>
   <id>24903735</id>
   <plan>NMP-TES7</plan>
   <repositoryDefinition>24870967</repositoryDefinition>
   <position>0</position>
  </planRepository>
  <planRepository>
   <id>16842767</id>
   <plan>NMP-BRD</plan>
   <repositoryDefinition>16810001</repositoryDefinition>
   <position>0</position>
  </planRepository>
  <planRepository>
   <id>16842768</id>
   <plan>NMP-BAS</plan>
   <repositoryDefinition>16810002</repositoryDefinition>
   <position>0</position>
  </planRepository>
  <planRepository>
   <id>24903746</id>
   <plan>NMP-BB128</plan>
   <repositoryDefinition>24870978</repositoryDefinition>
   <position>0</position>
  </planRepository>
  <planRepository>
   <id>24903760</id>
   <plan>NMP-BRTN0</plan>
   <repositoryDefinition>24870992</repositoryDefinition>
   <position>0</position>
  </planRepository>
  <planRepository>
   <id>16842793</id>
   <plan>NMP-BRTS0</plan>
   <repositoryDefinition>16810028</repositoryDefinition>
   <position>0</position>
  </planRepository>
  <planRepository>
   <id>16842794</id>
   <plan>NMP-BRD0</plan>
   <repositoryDefinition>16810029</repositoryDefinition>
   <position>0</position>
  </planRepository>
  <planRepository>
   <id>16842800</id>
   <plan>NMP-BB100</plan>
   <repositoryDefinition>16810035</repositoryDefinition>
   <position>0</position>
  </planRepository>
  <planRepository>
   <id>18579457</id>
   <plan>SAL-QS</plan>
   <repositoryDefinition>18546689</repositoryDefinition>
   <position>0</position>
  </planRepository>
  <planRepository>
   <id>18579458</id>
   <plan>SAL-PS</plan>
   <repositoryDefinition>18546690</repositoryDefinition>
   <position>0</position>
  </planRepository>
  <planRepository>
   <id>18579459</id>
   <plan>SAL-AS</plan>
   <repositoryDefinition>18546691</repositoryDefinition>
   <position>0</position>
  </planRepository>
  <planRepository>
   <id>24903787</id>
   <plan>SAL-DS12</plan>
   <repositoryDefinition>24871019</repositoryDefinition>
   <position>0</position>
  </planRepository>
  <planRepository>
   <id>24903793</id>
   <plan>NMP-BRTS1</plan>
   <repositoryDefinition>24871025</repositoryDefinition>
   <position>0</position>
  </planRepository>
  <planRepository>
   <id>24903795</id>
   <plan>NMP-BE2</plan>
   <repositoryDefinition>24871027</repositoryDefinition>
   <position>0</position>
  </planRepository>
  <planRepository>
   <id>26214431</id>
   <plan>NMP-BAUWA78</plan>
   <repositoryDefinition>26181663</repositoryDefinition>
   <position>0</position>
  </planRepository>
  <planRepository>
   <id>24903868</id>
   <plan>NMP-BB157</plan>
   <repositoryDefinition>24871101</repositoryDefinition>
   <position>0</position>
  </planRepository>
  <planRepository>
   <id>24903870</id>
   <plan>NMP-TJ132</plan>
   <repositoryDefinition>24871103</repositoryDefinition>
   <position>0</position>
  </planRepository>
  <planRepository>
   <id>24903874</id>
   <plan>NMP-TJ133</plan>
   <repositoryDefinition>24871107</repositoryDefinition>
   <position>0</position>
  </planRepository>
  <planRepository>
   <id>24903808</id>
   <plan>NMP-BE3</plan>
   <repositoryDefinition>24871040</repositoryDefinition>
   <position>0</position>
  </planRepository>
  <planRepository>
   <id>24903810</id>
   <plan>NMP-BAGA</plan>
   <repositoryDefinition>24871042</repositoryDefinition>
   <position>0</position>
  </planRepository>
  <planRepository>
   <id>24903812</id>
   <plan>NMP-BB135</plan>
   <repositoryDefinition>24871045</repositoryDefinition>
   <position>0</position>
  </planRepository>
  <planRepository>
   <id>24903876</id>
   <plan>NMP-UTC133</plan>
   <repositoryDefinition>24871109</repositoryDefinition>
   <position>0</position>
  </planRepository>
  <planRepository>
   <id>24903878</id>
   <plan>NMP-BAUWA69</plan>
   <repositoryDefinition>24871111</repositoryDefinition>
   <position>0</position>
  </planRepository>
  <planRepository>
   <id>26214439</id>
   <plan>NMP-BB178</plan>
   <repositoryDefinition>26181671</repositoryDefinition>
   <position>0</position>
  </planRepository>
  <planRepository>
   <id>26214441</id>
   <plan>NMP-BNU90</plan>
   <repositoryDefinition>26181673</repositoryDefinition>
   <position>0</position>
  </planRepository>
  <planRepository>
   <id>26214442</id>
   <plan>NMP-TJ143</plan>
   <repositoryDefinition>26181674</repositoryDefinition>
   <position>0</position>
  </planRepository>
  <planRepository>
   <id>26214444</id>
   <plan>NMP-BAUWA79</plan>
   <repositoryDefinition>26181676</repositoryDefinition>
   <position>0</position>
  </planRepository>
  <planRepository>
   <id>26214453</id>
   <plan>NMP-BRD1</plan>
   <repositoryDefinition>26181685</repositoryDefinition>
   <position>0</position>
  </planRepository>
  <planRepository>
   <id>26214455</id>
   <plan>NMP-BRTNWV</plan>
   <repositoryDefinition>26181687</repositoryDefinition>
   <position>0</position>
  </planRepository>
  <planRepository>
   <id>27983874</id>
   <plan>NMP-BNU93</plan>
   <repositoryDefinition>27951106</repositoryDefinition>
   <position>0</position>
  </planRepository>
  <planRepository>
   <id>27983876</id>
   <plan>NMP-BAUWA82</plan>
   <repositoryDefinition>27951108</repositoryDefinition>
   <position>0</position>
  </planRepository>
  <planRepository>
   <id>27983878</id>
   <plan>NMP-BB181</plan>
   <repositoryDefinition>27951110</repositoryDefinition>
   <position>0</position>
  </planRepository>
  <planRepository>
   <id>27983880</id>
   <plan>NMP-TJ147</plan>
   <repositoryDefinition>27951112</repositoryDefinition>
   <position>0</position>
  </planRepository>
  <planRepository>
   <id>29917186</id>
   <plan>NMP-TJ148</plan>
   <repositoryDefinition>29884418</repositoryDefinition>
   <position>0</position>
  </planRepository>
  <planRepository>
   <id>18579514</id>
   <plan>NMP-BB102</plan>
   <repositoryDefinition>18546746</repositoryDefinition>
   <position>0</position>
  </planRepository>
  <planRepository>
   <id>18579515</id>
   <plan>NMP-BB103</plan>
   <repositoryDefinition>18546747</repositoryDefinition>
   <position>0</position>
  </planRepository>
  <planRepository>
   <id>29917188</id>
   <plan>NMP-BAUWA84</plan>
   <repositoryDefinition>29884420</repositoryDefinition>
   <position>0</position>
  </planRepository>
  <planRepository>
   <id>29917190</id>
   <plan>NMP-TJ149</plan>
   <repositoryDefinition>29884422</repositoryDefinition>
   <position>0</position>
  </planRepository>
  <planRepository>
   <id>24903851</id>
   <plan>NMP-BRTS3</plan>
   <repositoryDefinition>24871084</repositoryDefinition>
   <position>0</position>
  </planRepository>
  <planRepository>
   <id>24903853</id>
   <plan>NMP-TJ130</plan>
   <repositoryDefinition>24871086</repositoryDefinition>
   <position>0</position>
  </planRepository>
  <planRepository>
   <id>24903855</id>
   <plan>NMP-BNU75</plan>
   <repositoryDefinition>24871088</repositoryDefinition>
   <position>0</position>
  </planRepository>
  <planRepository>
   <id>29917192</id>
   <plan>NMP-BAUWA85</plan>
   <repositoryDefinition>29884424</repositoryDefinition>
   <position>0</position>
  </planRepository>
  <planRepository>
   <id>29917194</id>
   <plan>NMP-UTC150</plan>
   <repositoryDefinition>29884426</repositoryDefinition>
   <position>0</position>
  </planRepository>
  <planRepository>
   <id>29917197</id>
   <plan>NMP-UTC151</plan>
   <repositoryDefinition>29884429</repositoryDefinition>
   <position>0</position>
  </planRepository>
  <planRepository>
   <id>29917199</id>
   <plan>NMP-BNU98</plan>
   <repositoryDefinition>29884431</repositoryDefinition>
   <position>0</position>
  </planRepository>
  <planRepository>
   <id>29917201</id>
   <plan>NMP-UTC152</plan>
   <repositoryDefinition>29884433</repositoryDefinition>
   <position>0</position>
  </planRepository>
  <planRepository>
   <id>29917203</id>
   <plan>NMP-BNU99</plan>
   <repositoryDefinition>29884435</repositoryDefinition>
   <position>0</position>
  </planRepository>
  <planRepository>
   <id>29917207</id>
   <plan>NMP-UTC153</plan>
   <repositoryDefinition>29884439</repositoryDefinition>
   <position>0</position>
  </planRepository>
  <planRepository>
   <id>29917209</id>
   <plan>NMP-BAUWA89</plan>
   <repositoryDefinition>29884441</repositoryDefinition>
   <position>0</position>
  </planRepository>
  <planRepository>
   <id>26214417</id>
   <plan>NMP-TJ140</plan>
   <repositoryDefinition>26181649</repositoryDefinition>
   <position>0</position>
  </planRepository>
  <planRepository>
   <id>26214419</id>
   <plan>NMP-BNU86</plan>
   <repositoryDefinition>26181651</repositoryDefinition>
   <position>0</position>
  </planRepository>
  <planRepository>
   <id>26214425</id>
   <plan>NMP-TJ141</plan>
   <repositoryDefinition>26181657</repositoryDefinition>
   <position>0</position>
  </planRepository>
  <planRepository>
   <id>26214427</id>
   <plan>NMP-BAUWA77</plan>
   <repositoryDefinition>26181659</repositoryDefinition>
   <position>0</position>
  </planRepository>
  <planRepository>
   <id>24903757</id>
   <plan>NMP-BRTN</plan>
   <repositoryDefinition>24870989</repositoryDefinition>
   <position>0</position>
  </planRepository>
  <planRepository>
   <id>20643861</id>
   <plan>NMP-TES2</plan>
   <repositoryDefinition>20611093</repositoryDefinition>
   <position>1</position>
  </planRepository>
  <planRepository>
   <id>24903794</id>
   <plan>NMP-BRTS2</plan>
   <repositoryDefinition>24871026</repositoryDefinition>
   <position>0</position>
  </planRepository>
  <planRepository>
   <id>24903796</id>
   <plan>NMP-BB132</plan>
   <repositoryDefinition>24871028</repositoryDefinition>
   <position>0</position>
  </planRepository>
 </planRepositories>
</bamboo>