<?xml version='1.1' encoding='UTF-8' standalone='yes'?>
<bamboo>
 <date>Wed Nov 07 12:33:05 MSK 2018</date>
 <version>6.6.2</version>
 <buildDate>14-Aug-2018</buildDate>
 <build>60606</build>
 <serverID>BIJ0-DZ8E-QJRU-JRPJ</serverID>
 <propertyEntries>
  <propertyEntry>
   <entityName>CWD_siarhei_kharlanau</entityName>
   <entityId>0</entityId>
   <entityKey>bamboo.dashboard.filter.enabled</entityKey>
   <keyType>1</keyType>
   <doubleValue>0.0</doubleValue>
   <stringValue><![CDATA[]]></stringValue>
   <textValue><![CDATA[]]></textValue>
   <longValue>0</longValue>
   <intValue>0</intValue>
   <booleanValue>true</booleanValue>
  </propertyEntry>
  <propertyEntry>
   <entityName>CWD_ilya_evseev</entityName>
   <entityId>0</entityId>
   <entityKey>branch.repositories.discovery.dialog.displayed</entityKey>
   <keyType>5</keyType>
   <doubleValue>0.0</doubleValue>
   <stringValue><![CDATA[true]]></stringValue>
   <textValue><![CDATA[]]></textValue>
   <longValue>0</longValue>
   <intValue>0</intValue>
   <booleanValue>false</booleanValue>
  </propertyEntry>
  <propertyEntry>
   <entityName>CWD_siarhei_kutsankou</entityName>
   <entityId>0</entityId>
   <entityKey>bamboo.dashboard.projects</entityKey>
   <keyType>5</keyType>
   <doubleValue>0.0</doubleValue>
   <stringValue><![CDATA[]]></stringValue>
   <textValue><![CDATA[]]></textValue>
   <longValue>0</longValue>
   <intValue>0</intValue>
   <booleanValue>false</booleanValue>
  </propertyEntry>
  <propertyEntry>
   <entityName>CWD_siarhei_kutsankou</entityName>
   <entityId>0</entityId>
   <entityKey>sal_applinks.featurediscovery.v3_ui</entityKey>
   <keyType>1</keyType>
   <doubleValue>0.0</doubleValue>
   <stringValue><![CDATA[]]></stringValue>
   <textValue><![CDATA[]]></textValue>
   <longValue>0</longValue>
   <intValue>0</intValue>
   <booleanValue>true</booleanValue>
  </propertyEntry>
  <propertyEntry>
   <entityName>CWD_maksim_yakushevich</entityName>
   <entityId>0</entityId>
   <entityKey>bamboo.user.branches.splashscreen.hide</entityKey>
   <keyType>5</keyType>
   <doubleValue>0.0</doubleValue>
   <stringValue><![CDATA[true]]></stringValue>
   <textValue><![CDATA[]]></textValue>
   <longValue>0</longValue>
   <intValue>0</intValue>
   <booleanValue>false</booleanValue>
  </propertyEntry>
  <propertyEntry>
   <entityName>CWD_anastasiya_pauliuchuk</entityName>
   <entityId>0</entityId>
   <entityKey>bamboo.user.contact.jabber</entityKey>
   <keyType>5</keyType>
   <doubleValue>0.0</doubleValue>
   <stringValue><![CDATA[]]></stringValue>
   <textValue><![CDATA[]]></textValue>
   <longValue>0</longValue>
   <intValue>0</intValue>
   <booleanValue>false</booleanValue>
  </propertyEntry>
  <propertyEntry>
   <entityName>CWD_anastasiya_pauliuchuk</entityName>
   <entityId>0</entityId>
   <entityKey>bamboo.user.contact.preference</entityKey>
   <keyType>5</keyType>
   <doubleValue>0.0</doubleValue>
   <stringValue><![CDATA[both]]></stringValue>
   <textValue><![CDATA[]]></textValue>
   <longValue>0</longValue>
   <intValue>0</intValue>
   <booleanValue>false</booleanValue>
  </propertyEntry>
  <propertyEntry>
   <entityName>CWD_anastasiya_pauliuchuk</entityName>
   <entityId>0</entityId>
   <entityKey>bamboo.user.contact.transportPreference</entityKey>
   <keyType>5</keyType>
   <doubleValue>0.0</doubleValue>
   <stringValue><![CDATA[multipart]]></stringValue>
   <textValue><![CDATA[]]></textValue>
   <longValue>0</longValue>
   <intValue>0</intValue>
   <booleanValue>false</booleanValue>
  </propertyEntry>
  <propertyEntry>
   <entityName>CWD_anastasiya_pauliuchuk</entityName>
   <entityId>0</entityId>
   <entityKey>branchinator.user.properties</entityKey>
   <keyType>5</keyType>
   <doubleValue>0.0</doubleValue>
   <stringValue><![CDATA[{"plan.page.navigation.discovery.dialog.displayed":"true"}]]></stringValue>
   <textValue><![CDATA[]]></textValue>
   <longValue>0</longValue>
   <intValue>0</intValue>
   <booleanValue>false</booleanValue>
  </propertyEntry>
  <propertyEntry>
   <entityName>CWD_liubou_aharodnikava</entityName>
   <entityId>0</entityId>
   <entityKey>bamboo.user.branches.splashscreen.hide</entityKey>
   <keyType>5</keyType>
   <doubleValue>0.0</doubleValue>
   <stringValue><![CDATA[true]]></stringValue>
   <textValue><![CDATA[]]></textValue>
   <longValue>0</longValue>
   <intValue>0</intValue>
   <booleanValue>false</booleanValue>
  </propertyEntry>
  <propertyEntry>
   <entityName>CWD_admin</entityName>
   <entityId>0</entityId>
   <entityKey>branch.repositories.discovery.dialog.displayed</entityKey>
   <keyType>5</keyType>
   <doubleValue>0.0</doubleValue>
   <stringValue><![CDATA[true]]></stringValue>
   <textValue><![CDATA[]]></textValue>
   <longValue>0</longValue>
   <intValue>0</intValue>
   <booleanValue>false</booleanValue>
  </propertyEntry>
  <propertyEntry>
   <entityName>CWD_roman_palaznik</entityName>
   <entityId>0</entityId>
   <entityKey>branch.repositories.discovery.dialog.displayed</entityKey>
   <keyType>5</keyType>
   <doubleValue>0.0</doubleValue>
   <stringValue><![CDATA[true]]></stringValue>
   <textValue><![CDATA[]]></textValue>
   <longValue>0</longValue>
   <intValue>0</intValue>
   <booleanValue>false</booleanValue>
  </propertyEntry>
  <propertyEntry>
   <entityName>CWD_siarhei_kutsankou</entityName>
   <entityId>0</entityId>
   <entityKey>bamboo.dashboard.filter.enabled</entityKey>
   <keyType>1</keyType>
   <doubleValue>0.0</doubleValue>
   <stringValue><![CDATA[]]></stringValue>
   <textValue><![CDATA[]]></textValue>
   <longValue>0</longValue>
   <intValue>0</intValue>
   <booleanValue>true</booleanValue>
  </propertyEntry>
  <propertyEntry>
   <entityName>CWD_siarhei_kharlanau</entityName>
   <entityId>0</entityId>
   <entityKey>bamboo.user.branches.splashscreen.hide</entityKey>
   <keyType>5</keyType>
   <doubleValue>0.0</doubleValue>
   <stringValue><![CDATA[true]]></stringValue>
   <textValue><![CDATA[]]></textValue>
   <longValue>0</longValue>
   <intValue>0</intValue>
   <booleanValue>false</booleanValue>
  </propertyEntry>
  <propertyEntry>
   <entityName>CWD_siarhei_kutsankou</entityName>
   <entityId>0</entityId>
   <entityKey>bamboo.user.branches.splashscreen.hide</entityKey>
   <keyType>5</keyType>
   <doubleValue>0.0</doubleValue>
   <stringValue><![CDATA[true]]></stringValue>
   <textValue><![CDATA[]]></textValue>
   <longValue>0</longValue>
   <intValue>0</intValue>
   <booleanValue>false</booleanValue>
  </propertyEntry>
  <propertyEntry>
   <entityName>CWD_uladzimir_krautsou</entityName>
   <entityId>0</entityId>
   <entityKey>branch.repositories.discovery.dialog.displayed</entityKey>
   <keyType>5</keyType>
   <doubleValue>0.0</doubleValue>
   <stringValue><![CDATA[true]]></stringValue>
   <textValue><![CDATA[]]></textValue>
   <longValue>0</longValue>
   <intValue>0</intValue>
   <booleanValue>false</booleanValue>
  </propertyEntry>
  <propertyEntry>
   <entityName>CWD_siarhei_kutsankou</entityName>
   <entityId>0</entityId>
   <entityKey>bamboo.dashboard.labels</entityKey>
   <keyType>5</keyType>
   <doubleValue>0.0</doubleValue>
   <stringValue><![CDATA[active]]></stringValue>
   <textValue><![CDATA[]]></textValue>
   <longValue>0</longValue>
   <intValue>0</intValue>
   <booleanValue>false</booleanValue>
  </propertyEntry>
  <propertyEntry>
   <entityName>CWD_andrey_gayduk</entityName>
   <entityId>0</entityId>
   <entityKey>bamboo.user.contact.jabber</entityKey>
   <keyType>5</keyType>
   <doubleValue>0.0</doubleValue>
   <stringValue><![CDATA[]]></stringValue>
   <textValue><![CDATA[]]></textValue>
   <longValue>0</longValue>
   <intValue>0</intValue>
   <booleanValue>false</booleanValue>
  </propertyEntry>
  <propertyEntry>
   <entityName>CWD_andrey_gayduk</entityName>
   <entityId>0</entityId>
   <entityKey>bamboo.user.contact.preference</entityKey>
   <keyType>5</keyType>
   <doubleValue>0.0</doubleValue>
   <stringValue><![CDATA[both]]></stringValue>
   <textValue><![CDATA[]]></textValue>
   <longValue>0</longValue>
   <intValue>0</intValue>
   <booleanValue>false</booleanValue>
  </propertyEntry>
  <propertyEntry>
   <entityName>CWD_andrey_gayduk</entityName>
   <entityId>0</entityId>
   <entityKey>bamboo.user.contact.transportPreference</entityKey>
   <keyType>5</keyType>
   <doubleValue>0.0</doubleValue>
   <stringValue><![CDATA[multipart]]></stringValue>
   <textValue><![CDATA[]]></textValue>
   <longValue>0</longValue>
   <intValue>0</intValue>
   <booleanValue>false</booleanValue>
  </propertyEntry>
  <propertyEntry>
   <entityName>CWD_pavel_hrynchanka</entityName>
   <entityId>0</entityId>
   <entityKey>branch.repositories.discovery.dialog.displayed</entityKey>
   <keyType>5</keyType>
   <doubleValue>0.0</doubleValue>
   <stringValue><![CDATA[true]]></stringValue>
   <textValue><![CDATA[]]></textValue>
   <longValue>0</longValue>
   <intValue>0</intValue>
   <booleanValue>false</booleanValue>
  </propertyEntry>
  <propertyEntry>
   <entityName>CWD_andrey_gayduk</entityName>
   <entityId>0</entityId>
   <entityKey>branch.repositories.discovery.dialog.displayed</entityKey>
   <keyType>5</keyType>
   <doubleValue>0.0</doubleValue>
   <stringValue><![CDATA[true]]></stringValue>
   <textValue><![CDATA[]]></textValue>
   <longValue>0</longValue>
   <intValue>0</intValue>
   <booleanValue>false</booleanValue>
  </propertyEntry>
  <propertyEntry>
   <entityName>CWD_siarhei_kutsankou</entityName>
   <entityId>0</entityId>
   <entityKey>branch.repositories.discovery.dialog.displayed</entityKey>
   <keyType>5</keyType>
   <doubleValue>0.0</doubleValue>
   <stringValue><![CDATA[true]]></stringValue>
   <textValue><![CDATA[]]></textValue>
   <longValue>0</longValue>
   <intValue>0</intValue>
   <booleanValue>false</booleanValue>
  </propertyEntry>
  <propertyEntry>
   <entityName>CWD_andrey_gayduk</entityName>
   <entityId>0</entityId>
   <entityKey>branchinator.user.properties</entityKey>
   <keyType>5</keyType>
   <doubleValue>0.0</doubleValue>
   <stringValue><![CDATA[{"plan.page.navigation.discovery.dialog.displayed":"true"}]]></stringValue>
   <textValue><![CDATA[]]></textValue>
   <longValue>0</longValue>
   <intValue>0</intValue>
   <booleanValue>false</booleanValue>
  </propertyEntry>
  <propertyEntry>
   <entityName>CWD_vladimir_karev</entityName>
   <entityId>0</entityId>
   <entityKey>bamboo.user.branches.splashscreen.hide</entityKey>
   <keyType>5</keyType>
   <doubleValue>0.0</doubleValue>
   <stringValue><![CDATA[true]]></stringValue>
   <textValue><![CDATA[]]></textValue>
   <longValue>0</longValue>
   <intValue>0</intValue>
   <booleanValue>false</booleanValue>
  </propertyEntry>
  <propertyEntry>
   <entityName>CWD_vladimir_karev</entityName>
   <entityId>0</entityId>
   <entityKey>bamboo.user.contact.jabber</entityKey>
   <keyType>5</keyType>
   <doubleValue>0.0</doubleValue>
   <stringValue><![CDATA[]]></stringValue>
   <textValue><![CDATA[]]></textValue>
   <longValue>0</longValue>
   <intValue>0</intValue>
   <booleanValue>false</booleanValue>
  </propertyEntry>
  <propertyEntry>
   <entityName>CWD_vladimir_karev</entityName>
   <entityId>0</entityId>
   <entityKey>bamboo.user.contact.preference</entityKey>
   <keyType>5</keyType>
   <doubleValue>0.0</doubleValue>
   <stringValue><![CDATA[both]]></stringValue>
   <textValue><![CDATA[]]></textValue>
   <longValue>0</longValue>
   <intValue>0</intValue>
   <booleanValue>false</booleanValue>
  </propertyEntry>
  <propertyEntry>
   <entityName>CWD_vladimir_karev</entityName>
   <entityId>0</entityId>
   <entityKey>bamboo.user.contact.transportPreference</entityKey>
   <keyType>5</keyType>
   <doubleValue>0.0</doubleValue>
   <stringValue><![CDATA[multipart]]></stringValue>
   <textValue><![CDATA[]]></textValue>
   <longValue>0</longValue>
   <intValue>0</intValue>
   <booleanValue>false</booleanValue>
  </propertyEntry>
  <propertyEntry>
   <entityName>CWD_vladimir_karev</entityName>
   <entityId>0</entityId>
   <entityKey>bamboo.user.jira.teaser.hide</entityKey>
   <keyType>5</keyType>
   <doubleValue>0.0</doubleValue>
   <stringValue><![CDATA[true]]></stringValue>
   <textValue><![CDATA[]]></textValue>
   <longValue>0</longValue>
   <intValue>0</intValue>
   <booleanValue>false</booleanValue>
  </propertyEntry>
  <propertyEntry>
   <entityName>CWD_vladimir_karev</entityName>
   <entityId>0</entityId>
   <entityKey>branchinator.user.properties</entityKey>
   <keyType>5</keyType>
   <doubleValue>0.0</doubleValue>
   <stringValue><![CDATA[{"plan.page.navigation.discovery.dialog.displayed":"true"}]]></stringValue>
   <textValue><![CDATA[]]></textValue>
   <longValue>0</longValue>
   <intValue>0</intValue>
   <booleanValue>false</booleanValue>
  </propertyEntry>
  <propertyEntry>
   <entityName>CWD_valery_rudol</entityName>
   <entityId>0</entityId>
   <entityKey>bamboo.user.contact.jabber</entityKey>
   <keyType>5</keyType>
   <doubleValue>0.0</doubleValue>
   <stringValue><![CDATA[]]></stringValue>
   <textValue><![CDATA[]]></textValue>
   <longValue>0</longValue>
   <intValue>0</intValue>
   <booleanValue>false</booleanValue>
  </propertyEntry>
  <propertyEntry>
   <entityName>CWD_valery_rudol</entityName>
   <entityId>0</entityId>
   <entityKey>bamboo.user.contact.preference</entityKey>
   <keyType>5</keyType>
   <doubleValue>0.0</doubleValue>
   <stringValue><![CDATA[both]]></stringValue>
   <textValue><![CDATA[]]></textValue>
   <longValue>0</longValue>
   <intValue>0</intValue>
   <booleanValue>false</booleanValue>
  </propertyEntry>
  <propertyEntry>
   <entityName>CWD_valery_rudol</entityName>
   <entityId>0</entityId>
   <entityKey>bamboo.user.contact.transportPreference</entityKey>
   <keyType>5</keyType>
   <doubleValue>0.0</doubleValue>
   <stringValue><![CDATA[multipart]]></stringValue>
   <textValue><![CDATA[]]></textValue>
   <longValue>0</longValue>
   <intValue>0</intValue>
   <booleanValue>false</booleanValue>
  </propertyEntry>
  <propertyEntry>
   <entityName>CWD_valery_rudol</entityName>
   <entityId>0</entityId>
   <entityKey>branchinator.user.properties</entityKey>
   <keyType>5</keyType>
   <doubleValue>0.0</doubleValue>
   <stringValue><![CDATA[{"plan.page.navigation.discovery.dialog.displayed":"true"}]]></stringValue>
   <textValue><![CDATA[]]></textValue>
   <longValue>0</longValue>
   <intValue>0</intValue>
   <booleanValue>false</booleanValue>
  </propertyEntry>
  <propertyEntry>
   <entityName>CWD_dmitrii_konovalov</entityName>
   <entityId>0</entityId>
   <entityKey>bamboo.user.contact.jabber</entityKey>
   <keyType>5</keyType>
   <doubleValue>0.0</doubleValue>
   <stringValue><![CDATA[]]></stringValue>
   <textValue><![CDATA[]]></textValue>
   <longValue>0</longValue>
   <intValue>0</intValue>
   <booleanValue>false</booleanValue>
  </propertyEntry>
  <propertyEntry>
   <entityName>CWD_dmitrii_konovalov</entityName>
   <entityId>0</entityId>
   <entityKey>bamboo.user.contact.preference</entityKey>
   <keyType>5</keyType>
   <doubleValue>0.0</doubleValue>
   <stringValue><![CDATA[both]]></stringValue>
   <textValue><![CDATA[]]></textValue>
   <longValue>0</longValue>
   <intValue>0</intValue>
   <booleanValue>false</booleanValue>
  </propertyEntry>
  <propertyEntry>
   <entityName>CWD_dmitrii_konovalov</entityName>
   <entityId>0</entityId>
   <entityKey>bamboo.user.contact.transportPreference</entityKey>
   <keyType>5</keyType>
   <doubleValue>0.0</doubleValue>
   <stringValue><![CDATA[multipart]]></stringValue>
   <textValue><![CDATA[]]></textValue>
   <longValue>0</longValue>
   <intValue>0</intValue>
   <booleanValue>false</booleanValue>
  </propertyEntry>
  <propertyEntry>
   <entityName>CWD_dmitrii_konovalov</entityName>
   <entityId>0</entityId>
   <entityKey>branchinator.user.properties</entityKey>
   <keyType>5</keyType>
   <doubleValue>0.0</doubleValue>
   <stringValue><![CDATA[{"plan.page.navigation.discovery.dialog.displayed":"true"}]]></stringValue>
   <textValue><![CDATA[]]></textValue>
   <longValue>0</longValue>
   <intValue>0</intValue>
   <booleanValue>false</booleanValue>
  </propertyEntry>
  <propertyEntry>
   <entityName>CWD_sergey_dolgopolov</entityName>
   <entityId>0</entityId>
   <entityKey>bamboo.user.contact.jabber</entityKey>
   <keyType>5</keyType>
   <doubleValue>0.0</doubleValue>
   <stringValue><![CDATA[]]></stringValue>
   <textValue><![CDATA[]]></textValue>
   <longValue>0</longValue>
   <intValue>0</intValue>
   <booleanValue>false</booleanValue>
  </propertyEntry>
  <propertyEntry>
   <entityName>CWD_sergey_dolgopolov</entityName>
   <entityId>0</entityId>
   <entityKey>bamboo.user.contact.preference</entityKey>
   <keyType>5</keyType>
   <doubleValue>0.0</doubleValue>
   <stringValue><![CDATA[both]]></stringValue>
   <textValue><![CDATA[]]></textValue>
   <longValue>0</longValue>
   <intValue>0</intValue>
   <booleanValue>false</booleanValue>
  </propertyEntry>
  <propertyEntry>
   <entityName>CWD_sergey_dolgopolov</entityName>
   <entityId>0</entityId>
   <entityKey>bamboo.user.contact.transportPreference</entityKey>
   <keyType>5</keyType>
   <doubleValue>0.0</doubleValue>
   <stringValue><![CDATA[multipart]]></stringValue>
   <textValue><![CDATA[]]></textValue>
   <longValue>0</longValue>
   <intValue>0</intValue>
   <booleanValue>false</booleanValue>
  </propertyEntry>
  <propertyEntry>
   <entityName>CWD_sergey_dolgopolov</entityName>
   <entityId>0</entityId>
   <entityKey>branchinator.user.properties</entityKey>
   <keyType>5</keyType>
   <doubleValue>0.0</doubleValue>
   <stringValue><![CDATA[{"plan.page.navigation.discovery.dialog.displayed":"true"}]]></stringValue>
   <textValue><![CDATA[]]></textValue>
   <longValue>0</longValue>
   <intValue>0</intValue>
   <booleanValue>false</booleanValue>
  </propertyEntry>
  <propertyEntry>
   <entityName>CWD_ilya_evseev</entityName>
   <entityId>0</entityId>
   <entityKey>bamboo.user.contact.jabber</entityKey>
   <keyType>5</keyType>
   <doubleValue>0.0</doubleValue>
   <stringValue><![CDATA[]]></stringValue>
   <textValue><![CDATA[]]></textValue>
   <longValue>0</longValue>
   <intValue>0</intValue>
   <booleanValue>false</booleanValue>
  </propertyEntry>
  <propertyEntry>
   <entityName>CWD_ilya_evseev</entityName>
   <entityId>0</entityId>
   <entityKey>bamboo.user.contact.preference</entityKey>
   <keyType>5</keyType>
   <doubleValue>0.0</doubleValue>
   <stringValue><![CDATA[both]]></stringValue>
   <textValue><![CDATA[]]></textValue>
   <longValue>0</longValue>
   <intValue>0</intValue>
   <booleanValue>false</booleanValue>
  </propertyEntry>
  <propertyEntry>
   <entityName>CWD_ilya_evseev</entityName>
   <entityId>0</entityId>
   <entityKey>bamboo.user.contact.transportPreference</entityKey>
   <keyType>5</keyType>
   <doubleValue>0.0</doubleValue>
   <stringValue><![CDATA[multipart]]></stringValue>
   <textValue><![CDATA[]]></textValue>
   <longValue>0</longValue>
   <intValue>0</intValue>
   <booleanValue>false</booleanValue>
  </propertyEntry>
  <propertyEntry>
   <entityName>CWD_ilya_evseev</entityName>
   <entityId>0</entityId>
   <entityKey>branchinator.user.properties</entityKey>
   <keyType>5</keyType>
   <doubleValue>0.0</doubleValue>
   <stringValue><![CDATA[{"plan.page.navigation.discovery.dialog.displayed":"true"}]]></stringValue>
   <textValue><![CDATA[]]></textValue>
   <longValue>0</longValue>
   <intValue>0</intValue>
   <booleanValue>false</booleanValue>
  </propertyEntry>
  <propertyEntry>
   <entityName>CWD_admin</entityName>
   <entityId>0</entityId>
   <entityKey>bamboo.user.actions.addJob</entityKey>
   <keyType>5</keyType>
   <doubleValue>0.0</doubleValue>
   <stringValue><![CDATA[true]]></stringValue>
   <textValue><![CDATA[]]></textValue>
   <longValue>0</longValue>
   <intValue>0</intValue>
   <booleanValue>false</booleanValue>
  </propertyEntry>
  <propertyEntry>
   <entityName>CWD_admin</entityName>
   <entityId>0</entityId>
   <entityKey>bamboo.user.branches.splashscreen.hide</entityKey>
   <keyType>5</keyType>
   <doubleValue>0.0</doubleValue>
   <stringValue><![CDATA[true]]></stringValue>
   <textValue><![CDATA[]]></textValue>
   <longValue>0</longValue>
   <intValue>0</intValue>
   <booleanValue>false</booleanValue>
  </propertyEntry>
  <propertyEntry>
   <entityName>CWD_admin</entityName>
   <entityId>0</entityId>
   <entityKey>bamboo.user.jira.teaser.hide</entityKey>
   <keyType>5</keyType>
   <doubleValue>0.0</doubleValue>
   <stringValue><![CDATA[true]]></stringValue>
   <textValue><![CDATA[]]></textValue>
   <longValue>0</longValue>
   <intValue>0</intValue>
   <booleanValue>false</booleanValue>
  </propertyEntry>
  <propertyEntry>
   <entityName>CWD_admin</entityName>
   <entityId>0</entityId>
   <entityKey>branchinator.user.properties</entityKey>
   <keyType>5</keyType>
   <doubleValue>0.0</doubleValue>
   <stringValue><![CDATA[{"branch.builds.sort.order":"buildStatus","plan.page.navigation.discovery.dialog.displayed":"true"}]]></stringValue>
   <textValue><![CDATA[]]></textValue>
   <longValue>0</longValue>
   <intValue>0</intValue>
   <booleanValue>false</booleanValue>
  </propertyEntry>
  <propertyEntry>
   <entityName>CWD_admin</entityName>
   <entityId>0</entityId>
   <entityKey>sal_applinks.featurediscovery.v3_ui</entityKey>
   <keyType>1</keyType>
   <doubleValue>0.0</doubleValue>
   <stringValue><![CDATA[]]></stringValue>
   <textValue><![CDATA[]]></textValue>
   <longValue>0</longValue>
   <intValue>0</intValue>
   <booleanValue>true</booleanValue>
  </propertyEntry>
  <propertyEntry>
   <entityName>CWD_vladislav_kovaliov</entityName>
   <entityId>0</entityId>
   <entityKey>bamboo.user.contact.jabber</entityKey>
   <keyType>5</keyType>
   <doubleValue>0.0</doubleValue>
   <stringValue><![CDATA[]]></stringValue>
   <textValue><![CDATA[]]></textValue>
   <longValue>0</longValue>
   <intValue>0</intValue>
   <booleanValue>false</booleanValue>
  </propertyEntry>
  <propertyEntry>
   <entityName>CWD_vladislav_kovaliov</entityName>
   <entityId>0</entityId>
   <entityKey>bamboo.user.contact.preference</entityKey>
   <keyType>5</keyType>
   <doubleValue>0.0</doubleValue>
   <stringValue><![CDATA[both]]></stringValue>
   <textValue><![CDATA[]]></textValue>
   <longValue>0</longValue>
   <intValue>0</intValue>
   <booleanValue>false</booleanValue>
  </propertyEntry>
  <propertyEntry>
   <entityName>CWD_vladislav_kovaliov</entityName>
   <entityId>0</entityId>
   <entityKey>bamboo.user.contact.transportPreference</entityKey>
   <keyType>5</keyType>
   <doubleValue>0.0</doubleValue>
   <stringValue><![CDATA[multipart]]></stringValue>
   <textValue><![CDATA[]]></textValue>
   <longValue>0</longValue>
   <intValue>0</intValue>
   <booleanValue>false</booleanValue>
  </propertyEntry>
  <propertyEntry>
   <entityName>CWD_vladislav_kovaliov</entityName>
   <entityId>0</entityId>
   <entityKey>branchinator.user.properties</entityKey>
   <keyType>5</keyType>
   <doubleValue>0.0</doubleValue>
   <stringValue><![CDATA[{"plan.page.navigation.discovery.dialog.displayed":"true"}]]></stringValue>
   <textValue><![CDATA[]]></textValue>
   <longValue>0</longValue>
   <intValue>0</intValue>
   <booleanValue>false</booleanValue>
  </propertyEntry>
  <propertyEntry>
   <entityName>CWD_uladzimir_krautsou</entityName>
   <entityId>0</entityId>
   <entityKey>bamboo.user.contact.jabber</entityKey>
   <keyType>5</keyType>
   <doubleValue>0.0</doubleValue>
   <stringValue><![CDATA[]]></stringValue>
   <textValue><![CDATA[]]></textValue>
   <longValue>0</longValue>
   <intValue>0</intValue>
   <booleanValue>false</booleanValue>
  </propertyEntry>
  <propertyEntry>
   <entityName>CWD_uladzimir_krautsou</entityName>
   <entityId>0</entityId>
   <entityKey>bamboo.user.contact.preference</entityKey>
   <keyType>5</keyType>
   <doubleValue>0.0</doubleValue>
   <stringValue><![CDATA[both]]></stringValue>
   <textValue><![CDATA[]]></textValue>
   <longValue>0</longValue>
   <intValue>0</intValue>
   <booleanValue>false</booleanValue>
  </propertyEntry>
  <propertyEntry>
   <entityName>CWD_uladzimir_krautsou</entityName>
   <entityId>0</entityId>
   <entityKey>bamboo.user.contact.transportPreference</entityKey>
   <keyType>5</keyType>
   <doubleValue>0.0</doubleValue>
   <stringValue><![CDATA[multipart]]></stringValue>
   <textValue><![CDATA[]]></textValue>
   <longValue>0</longValue>
   <intValue>0</intValue>
   <booleanValue>false</booleanValue>
  </propertyEntry>
  <propertyEntry>
   <entityName>CWD_uladzimir_krautsou</entityName>
   <entityId>0</entityId>
   <entityKey>branchinator.user.properties</entityKey>
   <keyType>5</keyType>
   <doubleValue>0.0</doubleValue>
   <stringValue><![CDATA[{"plan.page.navigation.discovery.dialog.displayed":"true"}]]></stringValue>
   <textValue><![CDATA[]]></textValue>
   <longValue>0</longValue>
   <intValue>0</intValue>
   <booleanValue>false</booleanValue>
  </propertyEntry>
  <propertyEntry>
   <entityName>CWD_roman_palaznik</entityName>
   <entityId>0</entityId>
   <entityKey>bamboo.user.contact.jabber</entityKey>
   <keyType>5</keyType>
   <doubleValue>0.0</doubleValue>
   <stringValue><![CDATA[]]></stringValue>
   <textValue><![CDATA[]]></textValue>
   <longValue>0</longValue>
   <intValue>0</intValue>
   <booleanValue>false</booleanValue>
  </propertyEntry>
  <propertyEntry>
   <entityName>CWD_roman_palaznik</entityName>
   <entityId>0</entityId>
   <entityKey>bamboo.user.contact.preference</entityKey>
   <keyType>5</keyType>
   <doubleValue>0.0</doubleValue>
   <stringValue><![CDATA[both]]></stringValue>
   <textValue><![CDATA[]]></textValue>
   <longValue>0</longValue>
   <intValue>0</intValue>
   <booleanValue>false</booleanValue>
  </propertyEntry>
  <propertyEntry>
   <entityName>CWD_roman_palaznik</entityName>
   <entityId>0</entityId>
   <entityKey>bamboo.user.contact.transportPreference</entityKey>
   <keyType>5</keyType>
   <doubleValue>0.0</doubleValue>
   <stringValue><![CDATA[multipart]]></stringValue>
   <textValue><![CDATA[]]></textValue>
   <longValue>0</longValue>
   <intValue>0</intValue>
   <booleanValue>false</booleanValue>
  </propertyEntry>
  <propertyEntry>
   <entityName>CWD_roman_palaznik</entityName>
   <entityId>0</entityId>
   <entityKey>branchinator.user.properties</entityKey>
   <keyType>5</keyType>
   <doubleValue>0.0</doubleValue>
   <stringValue><![CDATA[{"plan.page.navigation.discovery.dialog.displayed":"true"}]]></stringValue>
   <textValue><![CDATA[]]></textValue>
   <longValue>0</longValue>
   <intValue>0</intValue>
   <booleanValue>false</booleanValue>
  </propertyEntry>
  <propertyEntry>
   <entityName>CWD_konstantin_silaev</entityName>
   <entityId>0</entityId>
   <entityKey>bamboo.user.contact.jabber</entityKey>
   <keyType>5</keyType>
   <doubleValue>0.0</doubleValue>
   <stringValue><![CDATA[]]></stringValue>
   <textValue><![CDATA[]]></textValue>
   <longValue>0</longValue>
   <intValue>0</intValue>
   <booleanValue>false</booleanValue>
  </propertyEntry>
  <propertyEntry>
   <entityName>CWD_konstantin_silaev</entityName>
   <entityId>0</entityId>
   <entityKey>bamboo.user.contact.preference</entityKey>
   <keyType>5</keyType>
   <doubleValue>0.0</doubleValue>
   <stringValue><![CDATA[both]]></stringValue>
   <textValue><![CDATA[]]></textValue>
   <longValue>0</longValue>
   <intValue>0</intValue>
   <booleanValue>false</booleanValue>
  </propertyEntry>
  <propertyEntry>
   <entityName>CWD_konstantin_silaev</entityName>
   <entityId>0</entityId>
   <entityKey>bamboo.user.contact.transportPreference</entityKey>
   <keyType>5</keyType>
   <doubleValue>0.0</doubleValue>
   <stringValue><![CDATA[multipart]]></stringValue>
   <textValue><![CDATA[]]></textValue>
   <longValue>0</longValue>
   <intValue>0</intValue>
   <booleanValue>false</booleanValue>
  </propertyEntry>
  <propertyEntry>
   <entityName>CWD_konstantin_silaev</entityName>
   <entityId>0</entityId>
   <entityKey>branchinator.user.properties</entityKey>
   <keyType>5</keyType>
   <doubleValue>0.0</doubleValue>
   <stringValue><![CDATA[{"plan.page.navigation.discovery.dialog.displayed":"true"}]]></stringValue>
   <textValue><![CDATA[]]></textValue>
   <longValue>0</longValue>
   <intValue>0</intValue>
   <booleanValue>false</booleanValue>
  </propertyEntry>
  <propertyEntry>
   <entityName>CWD_roman_kalashnikov</entityName>
   <entityId>0</entityId>
   <entityKey>bamboo.user.branches.splashscreen.hide</entityKey>
   <keyType>5</keyType>
   <doubleValue>0.0</doubleValue>
   <stringValue><![CDATA[true]]></stringValue>
   <textValue><![CDATA[]]></textValue>
   <longValue>0</longValue>
   <intValue>0</intValue>
   <booleanValue>false</booleanValue>
  </propertyEntry>
  <propertyEntry>
   <entityName>CWD_roman_kalashnikov</entityName>
   <entityId>0</entityId>
   <entityKey>bamboo.user.contact.jabber</entityKey>
   <keyType>5</keyType>
   <doubleValue>0.0</doubleValue>
   <stringValue><![CDATA[]]></stringValue>
   <textValue><![CDATA[]]></textValue>
   <longValue>0</longValue>
   <intValue>0</intValue>
   <booleanValue>false</booleanValue>
  </propertyEntry>
  <propertyEntry>
   <entityName>CWD_roman_kalashnikov</entityName>
   <entityId>0</entityId>
   <entityKey>bamboo.user.contact.preference</entityKey>
   <keyType>5</keyType>
   <doubleValue>0.0</doubleValue>
   <stringValue><![CDATA[both]]></stringValue>
   <textValue><![CDATA[]]></textValue>
   <longValue>0</longValue>
   <intValue>0</intValue>
   <booleanValue>false</booleanValue>
  </propertyEntry>
  <propertyEntry>
   <entityName>CWD_roman_kalashnikov</entityName>
   <entityId>0</entityId>
   <entityKey>bamboo.user.contact.transportPreference</entityKey>
   <keyType>5</keyType>
   <doubleValue>0.0</doubleValue>
   <stringValue><![CDATA[multipart]]></stringValue>
   <textValue><![CDATA[]]></textValue>
   <longValue>0</longValue>
   <intValue>0</intValue>
   <booleanValue>false</booleanValue>
  </propertyEntry>
  <propertyEntry>
   <entityName>CWD_roman_kalashnikov</entityName>
   <entityId>0</entityId>
   <entityKey>bamboo.user.jira.teaser.hide</entityKey>
   <keyType>5</keyType>
   <doubleValue>0.0</doubleValue>
   <stringValue><![CDATA[true]]></stringValue>
   <textValue><![CDATA[]]></textValue>
   <longValue>0</longValue>
   <intValue>0</intValue>
   <booleanValue>false</booleanValue>
  </propertyEntry>
  <propertyEntry>
   <entityName>CWD_roman_kalashnikov</entityName>
   <entityId>0</entityId>
   <entityKey>branchinator.user.properties</entityKey>
   <keyType>5</keyType>
   <doubleValue>0.0</doubleValue>
   <stringValue><![CDATA[{"plan.page.navigation.discovery.dialog.displayed":"true"}]]></stringValue>
   <textValue><![CDATA[]]></textValue>
   <longValue>0</longValue>
   <intValue>0</intValue>
   <booleanValue>false</booleanValue>
  </propertyEntry>
  <propertyEntry>
   <entityName>CWD_pavel_mezrin</entityName>
   <entityId>0</entityId>
   <entityKey>bamboo.user.contact.jabber</entityKey>
   <keyType>5</keyType>
   <doubleValue>0.0</doubleValue>
   <stringValue><![CDATA[]]></stringValue>
   <textValue><![CDATA[]]></textValue>
   <longValue>0</longValue>
   <intValue>0</intValue>
   <booleanValue>false</booleanValue>
  </propertyEntry>
  <propertyEntry>
   <entityName>CWD_pavel_mezrin</entityName>
   <entityId>0</entityId>
   <entityKey>bamboo.user.contact.preference</entityKey>
   <keyType>5</keyType>
   <doubleValue>0.0</doubleValue>
   <stringValue><![CDATA[both]]></stringValue>
   <textValue><![CDATA[]]></textValue>
   <longValue>0</longValue>
   <intValue>0</intValue>
   <booleanValue>false</booleanValue>
  </propertyEntry>
  <propertyEntry>
   <entityName>CWD_pavel_mezrin</entityName>
   <entityId>0</entityId>
   <entityKey>bamboo.user.contact.transportPreference</entityKey>
   <keyType>5</keyType>
   <doubleValue>0.0</doubleValue>
   <stringValue><![CDATA[multipart]]></stringValue>
   <textValue><![CDATA[]]></textValue>
   <longValue>0</longValue>
   <intValue>0</intValue>
   <booleanValue>false</booleanValue>
  </propertyEntry>
  <propertyEntry>
   <entityName>CWD_iurii_palchuk</entityName>
   <entityId>0</entityId>
   <entityKey>bamboo.user.contact.jabber</entityKey>
   <keyType>5</keyType>
   <doubleValue>0.0</doubleValue>
   <stringValue><![CDATA[]]></stringValue>
   <textValue><![CDATA[]]></textValue>
   <longValue>0</longValue>
   <intValue>0</intValue>
   <booleanValue>false</booleanValue>
  </propertyEntry>
  <propertyEntry>
   <entityName>CWD_iurii_palchuk</entityName>
   <entityId>0</entityId>
   <entityKey>bamboo.user.contact.preference</entityKey>
   <keyType>5</keyType>
   <doubleValue>0.0</doubleValue>
   <stringValue><![CDATA[both]]></stringValue>
   <textValue><![CDATA[]]></textValue>
   <longValue>0</longValue>
   <intValue>0</intValue>
   <booleanValue>false</booleanValue>
  </propertyEntry>
  <propertyEntry>
   <entityName>CWD_iurii_palchuk</entityName>
   <entityId>0</entityId>
   <entityKey>bamboo.user.contact.transportPreference</entityKey>
   <keyType>5</keyType>
   <doubleValue>0.0</doubleValue>
   <stringValue><![CDATA[multipart]]></stringValue>
   <textValue><![CDATA[]]></textValue>
   <longValue>0</longValue>
   <intValue>0</intValue>
   <booleanValue>false</booleanValue>
  </propertyEntry>
  <propertyEntry>
   <entityName>CWD_iurii_palchuk</entityName>
   <entityId>0</entityId>
   <entityKey>branchinator.user.properties</entityKey>
   <keyType>5</keyType>
   <doubleValue>0.0</doubleValue>
   <stringValue><![CDATA[{"plan.page.navigation.discovery.dialog.displayed":"true"}]]></stringValue>
   <textValue><![CDATA[]]></textValue>
   <longValue>0</longValue>
   <intValue>0</intValue>
   <booleanValue>false</booleanValue>
  </propertyEntry>
  <propertyEntry>
   <entityName>CWD_aliaksei_lazouski</entityName>
   <entityId>0</entityId>
   <entityKey>bamboo.user.contact.jabber</entityKey>
   <keyType>5</keyType>
   <doubleValue>0.0</doubleValue>
   <stringValue><![CDATA[]]></stringValue>
   <textValue><![CDATA[]]></textValue>
   <longValue>0</longValue>
   <intValue>0</intValue>
   <booleanValue>false</booleanValue>
  </propertyEntry>
  <propertyEntry>
   <entityName>CWD_aliaksei_lazouski</entityName>
   <entityId>0</entityId>
   <entityKey>bamboo.user.contact.preference</entityKey>
   <keyType>5</keyType>
   <doubleValue>0.0</doubleValue>
   <stringValue><![CDATA[both]]></stringValue>
   <textValue><![CDATA[]]></textValue>
   <longValue>0</longValue>
   <intValue>0</intValue>
   <booleanValue>false</booleanValue>
  </propertyEntry>
  <propertyEntry>
   <entityName>CWD_aliaksei_lazouski</entityName>
   <entityId>0</entityId>
   <entityKey>bamboo.user.contact.transportPreference</entityKey>
   <keyType>5</keyType>
   <doubleValue>0.0</doubleValue>
   <stringValue><![CDATA[multipart]]></stringValue>
   <textValue><![CDATA[]]></textValue>
   <longValue>0</longValue>
   <intValue>0</intValue>
   <booleanValue>false</booleanValue>
  </propertyEntry>
  <propertyEntry>
   <entityName>CWD_aliaksei_lazouski</entityName>
   <entityId>0</entityId>
   <entityKey>branchinator.user.properties</entityKey>
   <keyType>5</keyType>
   <doubleValue>0.0</doubleValue>
   <stringValue><![CDATA[{"plan.page.navigation.discovery.dialog.displayed":"true"}]]></stringValue>
   <textValue><![CDATA[]]></textValue>
   <longValue>0</longValue>
   <intValue>0</intValue>
   <booleanValue>false</booleanValue>
  </propertyEntry>
  <propertyEntry>
   <entityName>CWD_anton_soloveyv</entityName>
   <entityId>0</entityId>
   <entityKey>bamboo.user.branches.splashscreen.hide</entityKey>
   <keyType>5</keyType>
   <doubleValue>0.0</doubleValue>
   <stringValue><![CDATA[true]]></stringValue>
   <textValue><![CDATA[]]></textValue>
   <longValue>0</longValue>
   <intValue>0</intValue>
   <booleanValue>false</booleanValue>
  </propertyEntry>
  <propertyEntry>
   <entityName>CWD_anton_soloveyv</entityName>
   <entityId>0</entityId>
   <entityKey>bamboo.user.contact.jabber</entityKey>
   <keyType>5</keyType>
   <doubleValue>0.0</doubleValue>
   <stringValue><![CDATA[]]></stringValue>
   <textValue><![CDATA[]]></textValue>
   <longValue>0</longValue>
   <intValue>0</intValue>
   <booleanValue>false</booleanValue>
  </propertyEntry>
  <propertyEntry>
   <entityName>CWD_anton_soloveyv</entityName>
   <entityId>0</entityId>
   <entityKey>bamboo.user.contact.preference</entityKey>
   <keyType>5</keyType>
   <doubleValue>0.0</doubleValue>
   <stringValue><![CDATA[both]]></stringValue>
   <textValue><![CDATA[]]></textValue>
   <longValue>0</longValue>
   <intValue>0</intValue>
   <booleanValue>false</booleanValue>
  </propertyEntry>
  <propertyEntry>
   <entityName>CWD_anton_soloveyv</entityName>
   <entityId>0</entityId>
   <entityKey>bamboo.user.contact.transportPreference</entityKey>
   <keyType>5</keyType>
   <doubleValue>0.0</doubleValue>
   <stringValue><![CDATA[multipart]]></stringValue>
   <textValue><![CDATA[]]></textValue>
   <longValue>0</longValue>
   <intValue>0</intValue>
   <booleanValue>false</booleanValue>
  </propertyEntry>
  <propertyEntry>
   <entityName>CWD_anton_soloveyv</entityName>
   <entityId>0</entityId>
   <entityKey>branchinator.user.properties</entityKey>
   <keyType>5</keyType>
   <doubleValue>0.0</doubleValue>
   <stringValue><![CDATA[{"plan.page.navigation.discovery.dialog.displayed":"true"}]]></stringValue>
   <textValue><![CDATA[]]></textValue>
   <longValue>0</longValue>
   <intValue>0</intValue>
   <booleanValue>false</booleanValue>
  </propertyEntry>
  <propertyEntry>
   <entityName>CWD_dzianis_stolnik</entityName>
   <entityId>0</entityId>
   <entityKey>bamboo.user.contact.jabber</entityKey>
   <keyType>5</keyType>
   <doubleValue>0.0</doubleValue>
   <stringValue><![CDATA[]]></stringValue>
   <textValue><![CDATA[]]></textValue>
   <longValue>0</longValue>
   <intValue>0</intValue>
   <booleanValue>false</booleanValue>
  </propertyEntry>
  <propertyEntry>
   <entityName>CWD_dzianis_stolnik</entityName>
   <entityId>0</entityId>
   <entityKey>bamboo.user.contact.preference</entityKey>
   <keyType>5</keyType>
   <doubleValue>0.0</doubleValue>
   <stringValue><![CDATA[both]]></stringValue>
   <textValue><![CDATA[]]></textValue>
   <longValue>0</longValue>
   <intValue>0</intValue>
   <booleanValue>false</booleanValue>
  </propertyEntry>
  <propertyEntry>
   <entityName>CWD_dzianis_stolnik</entityName>
   <entityId>0</entityId>
   <entityKey>bamboo.user.contact.transportPreference</entityKey>
   <keyType>5</keyType>
   <doubleValue>0.0</doubleValue>
   <stringValue><![CDATA[multipart]]></stringValue>
   <textValue><![CDATA[]]></textValue>
   <longValue>0</longValue>
   <intValue>0</intValue>
   <booleanValue>false</booleanValue>
  </propertyEntry>
  <propertyEntry>
   <entityName>CWD_elena_mandrika</entityName>
   <entityId>0</entityId>
   <entityKey>bamboo.user.contact.jabber</entityKey>
   <keyType>5</keyType>
   <doubleValue>0.0</doubleValue>
   <stringValue><![CDATA[]]></stringValue>
   <textValue><![CDATA[]]></textValue>
   <longValue>0</longValue>
   <intValue>0</intValue>
   <booleanValue>false</booleanValue>
  </propertyEntry>
  <propertyEntry>
   <entityName>CWD_elena_mandrika</entityName>
   <entityId>0</entityId>
   <entityKey>bamboo.user.contact.preference</entityKey>
   <keyType>5</keyType>
   <doubleValue>0.0</doubleValue>
   <stringValue><![CDATA[both]]></stringValue>
   <textValue><![CDATA[]]></textValue>
   <longValue>0</longValue>
   <intValue>0</intValue>
   <booleanValue>false</booleanValue>
  </propertyEntry>
  <propertyEntry>
   <entityName>CWD_elena_mandrika</entityName>
   <entityId>0</entityId>
   <entityKey>bamboo.user.contact.transportPreference</entityKey>
   <keyType>5</keyType>
   <doubleValue>0.0</doubleValue>
   <stringValue><![CDATA[multipart]]></stringValue>
   <textValue><![CDATA[]]></textValue>
   <longValue>0</longValue>
   <intValue>0</intValue>
   <booleanValue>false</booleanValue>
  </propertyEntry>
  <propertyEntry>
   <entityName>CWD_elena_mandrika</entityName>
   <entityId>0</entityId>
   <entityKey>branchinator.user.properties</entityKey>
   <keyType>5</keyType>
   <doubleValue>0.0</doubleValue>
   <stringValue><![CDATA[{"plan.page.navigation.discovery.dialog.displayed":"true"}]]></stringValue>
   <textValue><![CDATA[]]></textValue>
   <longValue>0</longValue>
   <intValue>0</intValue>
   <booleanValue>false</booleanValue>
  </propertyEntry>
  <propertyEntry>
   <entityName>CWD_alehtsilko62106</entityName>
   <entityId>0</entityId>
   <entityKey>bamboo.user.contact.jabber</entityKey>
   <keyType>5</keyType>
   <doubleValue>0.0</doubleValue>
   <stringValue><![CDATA[]]></stringValue>
   <textValue><![CDATA[]]></textValue>
   <longValue>0</longValue>
   <intValue>0</intValue>
   <booleanValue>false</booleanValue>
  </propertyEntry>
  <propertyEntry>
   <entityName>CWD_alehtsilko62106</entityName>
   <entityId>0</entityId>
   <entityKey>bamboo.user.contact.preference</entityKey>
   <keyType>5</keyType>
   <doubleValue>0.0</doubleValue>
   <stringValue><![CDATA[both]]></stringValue>
   <textValue><![CDATA[]]></textValue>
   <longValue>0</longValue>
   <intValue>0</intValue>
   <booleanValue>false</booleanValue>
  </propertyEntry>
  <propertyEntry>
   <entityName>CWD_alehtsilko62106</entityName>
   <entityId>0</entityId>
   <entityKey>bamboo.user.contact.transportPreference</entityKey>
   <keyType>5</keyType>
   <doubleValue>0.0</doubleValue>
   <stringValue><![CDATA[multipart]]></stringValue>
   <textValue><![CDATA[]]></textValue>
   <longValue>0</longValue>
   <intValue>0</intValue>
   <booleanValue>false</booleanValue>
  </propertyEntry>
  <propertyEntry>
   <entityName>CWD_alehtsilko62106</entityName>
   <entityId>0</entityId>
   <entityKey>branchinator.user.properties</entityKey>
   <keyType>5</keyType>
   <doubleValue>0.0</doubleValue>
   <stringValue><![CDATA[{"plan.page.navigation.discovery.dialog.displayed":"true"}]]></stringValue>
   <textValue><![CDATA[]]></textValue>
   <longValue>0</longValue>
   <intValue>0</intValue>
   <booleanValue>false</booleanValue>
  </propertyEntry>
  <propertyEntry>
   <entityName>CWD_kirill_groskii</entityName>
   <entityId>0</entityId>
   <entityKey>bamboo.user.contact.jabber</entityKey>
   <keyType>5</keyType>
   <doubleValue>0.0</doubleValue>
   <stringValue><![CDATA[]]></stringValue>
   <textValue><![CDATA[]]></textValue>
   <longValue>0</longValue>
   <intValue>0</intValue>
   <booleanValue>false</booleanValue>
  </propertyEntry>
  <propertyEntry>
   <entityName>CWD_kirill_groskii</entityName>
   <entityId>0</entityId>
   <entityKey>bamboo.user.contact.preference</entityKey>
   <keyType>5</keyType>
   <doubleValue>0.0</doubleValue>
   <stringValue><![CDATA[textEmail]]></stringValue>
   <textValue><![CDATA[]]></textValue>
   <longValue>0</longValue>
   <intValue>0</intValue>
   <booleanValue>false</booleanValue>
  </propertyEntry>
  <propertyEntry>
   <entityName>CWD_kirill_groskii</entityName>
   <entityId>0</entityId>
   <entityKey>bamboo.user.contact.transportPreference</entityKey>
   <keyType>5</keyType>
   <doubleValue>0.0</doubleValue>
   <stringValue><![CDATA[multipart]]></stringValue>
   <textValue><![CDATA[]]></textValue>
   <longValue>0</longValue>
   <intValue>0</intValue>
   <booleanValue>false</booleanValue>
  </propertyEntry>
  <propertyEntry>
   <entityName>CWD_kirill_groskii</entityName>
   <entityId>0</entityId>
   <entityKey>branchinator.user.properties</entityKey>
   <keyType>5</keyType>
   <doubleValue>0.0</doubleValue>
   <stringValue><![CDATA[{"plan.page.navigation.discovery.dialog.displayed":"true"}]]></stringValue>
   <textValue><![CDATA[]]></textValue>
   <longValue>0</longValue>
   <intValue>0</intValue>
   <booleanValue>false</booleanValue>
  </propertyEntry>
  <propertyEntry>
   <entityName>CWD_nikolai_matveev</entityName>
   <entityId>0</entityId>
   <entityKey>bamboo.user.contact.jabber</entityKey>
   <keyType>5</keyType>
   <doubleValue>0.0</doubleValue>
   <stringValue><![CDATA[]]></stringValue>
   <textValue><![CDATA[]]></textValue>
   <longValue>0</longValue>
   <intValue>0</intValue>
   <booleanValue>false</booleanValue>
  </propertyEntry>
  <propertyEntry>
   <entityName>CWD_nikolai_matveev</entityName>
   <entityId>0</entityId>
   <entityKey>bamboo.user.contact.preference</entityKey>
   <keyType>5</keyType>
   <doubleValue>0.0</doubleValue>
   <stringValue><![CDATA[both]]></stringValue>
   <textValue><![CDATA[]]></textValue>
   <longValue>0</longValue>
   <intValue>0</intValue>
   <booleanValue>false</booleanValue>
  </propertyEntry>
  <propertyEntry>
   <entityName>CWD_nikolai_matveev</entityName>
   <entityId>0</entityId>
   <entityKey>bamboo.user.contact.transportPreference</entityKey>
   <keyType>5</keyType>
   <doubleValue>0.0</doubleValue>
   <stringValue><![CDATA[multipart]]></stringValue>
   <textValue><![CDATA[]]></textValue>
   <longValue>0</longValue>
   <intValue>0</intValue>
   <booleanValue>false</booleanValue>
  </propertyEntry>
  <propertyEntry>
   <entityName>CWD_nikolai_matveev</entityName>
   <entityId>0</entityId>
   <entityKey>branchinator.user.properties</entityKey>
   <keyType>5</keyType>
   <doubleValue>0.0</doubleValue>
   <stringValue><![CDATA[{"plan.page.navigation.discovery.dialog.displayed":"true"}]]></stringValue>
   <textValue><![CDATA[]]></textValue>
   <longValue>0</longValue>
   <intValue>0</intValue>
   <booleanValue>false</booleanValue>
  </propertyEntry>
  <propertyEntry>
   <entityName>CWD_maksim_yakushevich</entityName>
   <entityId>0</entityId>
   <entityKey>bamboo.user.contact.jabber</entityKey>
   <keyType>5</keyType>
   <doubleValue>0.0</doubleValue>
   <stringValue><![CDATA[]]></stringValue>
   <textValue><![CDATA[]]></textValue>
   <longValue>0</longValue>
   <intValue>0</intValue>
   <booleanValue>false</booleanValue>
  </propertyEntry>
  <propertyEntry>
   <entityName>CWD_maksim_yakushevich</entityName>
   <entityId>0</entityId>
   <entityKey>bamboo.user.contact.preference</entityKey>
   <keyType>5</keyType>
   <doubleValue>0.0</doubleValue>
   <stringValue><![CDATA[both]]></stringValue>
   <textValue><![CDATA[]]></textValue>
   <longValue>0</longValue>
   <intValue>0</intValue>
   <booleanValue>false</booleanValue>
  </propertyEntry>
  <propertyEntry>
   <entityName>CWD_maksim_yakushevich</entityName>
   <entityId>0</entityId>
   <entityKey>bamboo.user.contact.transportPreference</entityKey>
   <keyType>5</keyType>
   <doubleValue>0.0</doubleValue>
   <stringValue><![CDATA[multipart]]></stringValue>
   <textValue><![CDATA[]]></textValue>
   <longValue>0</longValue>
   <intValue>0</intValue>
   <booleanValue>false</booleanValue>
  </propertyEntry>
  <propertyEntry>
   <entityName>CWD_maksim_yakushevich</entityName>
   <entityId>0</entityId>
   <entityKey>branchinator.user.properties</entityKey>
   <keyType>5</keyType>
   <doubleValue>0.0</doubleValue>
   <stringValue><![CDATA[{"plan.page.navigation.discovery.dialog.displayed":"true"}]]></stringValue>
   <textValue><![CDATA[]]></textValue>
   <longValue>0</longValue>
   <intValue>0</intValue>
   <booleanValue>false</booleanValue>
  </propertyEntry>
  <propertyEntry>
   <entityName>CWD_siarhei_kutsankou</entityName>
   <entityId>0</entityId>
   <entityKey>bamboo.user.contact.jabber</entityKey>
   <keyType>5</keyType>
   <doubleValue>0.0</doubleValue>
   <stringValue><![CDATA[]]></stringValue>
   <textValue><![CDATA[]]></textValue>
   <longValue>0</longValue>
   <intValue>0</intValue>
   <booleanValue>false</booleanValue>
  </propertyEntry>
  <propertyEntry>
   <entityName>CWD_siarhei_kutsankou</entityName>
   <entityId>0</entityId>
   <entityKey>bamboo.user.contact.preference</entityKey>
   <keyType>5</keyType>
   <doubleValue>0.0</doubleValue>
   <stringValue><![CDATA[both]]></stringValue>
   <textValue><![CDATA[]]></textValue>
   <longValue>0</longValue>
   <intValue>0</intValue>
   <booleanValue>false</booleanValue>
  </propertyEntry>
  <propertyEntry>
   <entityName>CWD_siarhei_kutsankou</entityName>
   <entityId>0</entityId>
   <entityKey>bamboo.user.contact.transportPreference</entityKey>
   <keyType>5</keyType>
   <doubleValue>0.0</doubleValue>
   <stringValue><![CDATA[multipart]]></stringValue>
   <textValue><![CDATA[]]></textValue>
   <longValue>0</longValue>
   <intValue>0</intValue>
   <booleanValue>false</booleanValue>
  </propertyEntry>
  <propertyEntry>
   <entityName>CWD_siarhei_kutsankou</entityName>
   <entityId>0</entityId>
   <entityKey>branchinator.user.properties</entityKey>
   <keyType>5</keyType>
   <doubleValue>0.0</doubleValue>
   <stringValue><![CDATA[{"plan.page.navigation.discovery.dialog.displayed":"true"}]]></stringValue>
   <textValue><![CDATA[]]></textValue>
   <longValue>0</longValue>
   <intValue>0</intValue>
   <booleanValue>false</booleanValue>
  </propertyEntry>
  <propertyEntry>
   <entityName>CWD_maksim_karabutov</entityName>
   <entityId>0</entityId>
   <entityKey>bamboo.user.contact.jabber</entityKey>
   <keyType>5</keyType>
   <doubleValue>0.0</doubleValue>
   <stringValue><![CDATA[]]></stringValue>
   <textValue><![CDATA[]]></textValue>
   <longValue>0</longValue>
   <intValue>0</intValue>
   <booleanValue>false</booleanValue>
  </propertyEntry>
  <propertyEntry>
   <entityName>CWD_maksim_karabutov</entityName>
   <entityId>0</entityId>
   <entityKey>bamboo.user.contact.preference</entityKey>
   <keyType>5</keyType>
   <doubleValue>0.0</doubleValue>
   <stringValue><![CDATA[both]]></stringValue>
   <textValue><![CDATA[]]></textValue>
   <longValue>0</longValue>
   <intValue>0</intValue>
   <booleanValue>false</booleanValue>
  </propertyEntry>
  <propertyEntry>
   <entityName>CWD_maksim_karabutov</entityName>
   <entityId>0</entityId>
   <entityKey>bamboo.user.contact.transportPreference</entityKey>
   <keyType>5</keyType>
   <doubleValue>0.0</doubleValue>
   <stringValue><![CDATA[multipart]]></stringValue>
   <textValue><![CDATA[]]></textValue>
   <longValue>0</longValue>
   <intValue>0</intValue>
   <booleanValue>false</booleanValue>
  </propertyEntry>
  <propertyEntry>
   <entityName>CWD_maksim_kaluzhonak</entityName>
   <entityId>0</entityId>
   <entityKey>bamboo.user.branches.splashscreen.hide</entityKey>
   <keyType>5</keyType>
   <doubleValue>0.0</doubleValue>
   <stringValue><![CDATA[true]]></stringValue>
   <textValue><![CDATA[]]></textValue>
   <longValue>0</longValue>
   <intValue>0</intValue>
   <booleanValue>false</booleanValue>
  </propertyEntry>
  <propertyEntry>
   <entityName>CWD_maksim_kaluzhonak</entityName>
   <entityId>0</entityId>
   <entityKey>bamboo.user.contact.jabber</entityKey>
   <keyType>5</keyType>
   <doubleValue>0.0</doubleValue>
   <stringValue><![CDATA[]]></stringValue>
   <textValue><![CDATA[]]></textValue>
   <longValue>0</longValue>
   <intValue>0</intValue>
   <booleanValue>false</booleanValue>
  </propertyEntry>
  <propertyEntry>
   <entityName>CWD_maksim_kaluzhonak</entityName>
   <entityId>0</entityId>
   <entityKey>bamboo.user.contact.preference</entityKey>
   <keyType>5</keyType>
   <doubleValue>0.0</doubleValue>
   <stringValue><![CDATA[both]]></stringValue>
   <textValue><![CDATA[]]></textValue>
   <longValue>0</longValue>
   <intValue>0</intValue>
   <booleanValue>false</booleanValue>
  </propertyEntry>
  <propertyEntry>
   <entityName>CWD_maksim_kaluzhonak</entityName>
   <entityId>0</entityId>
   <entityKey>bamboo.user.contact.transportPreference</entityKey>
   <keyType>5</keyType>
   <doubleValue>0.0</doubleValue>
   <stringValue><![CDATA[multipart]]></stringValue>
   <textValue><![CDATA[]]></textValue>
   <longValue>0</longValue>
   <intValue>0</intValue>
   <booleanValue>false</booleanValue>
  </propertyEntry>
  <propertyEntry>
   <entityName>CWD_maksim_kaluzhonak</entityName>
   <entityId>0</entityId>
   <entityKey>branchinator.user.properties</entityKey>
   <keyType>5</keyType>
   <doubleValue>0.0</doubleValue>
   <stringValue><![CDATA[{"plan.page.navigation.discovery.dialog.displayed":"true"}]]></stringValue>
   <textValue><![CDATA[]]></textValue>
   <longValue>0</longValue>
   <intValue>0</intValue>
   <booleanValue>false</booleanValue>
  </propertyEntry>
  <propertyEntry>
   <entityName>CWD_roman_yaronskyi</entityName>
   <entityId>0</entityId>
   <entityKey>bamboo.user.contact.jabber</entityKey>
   <keyType>5</keyType>
   <doubleValue>0.0</doubleValue>
   <stringValue><![CDATA[]]></stringValue>
   <textValue><![CDATA[]]></textValue>
   <longValue>0</longValue>
   <intValue>0</intValue>
   <booleanValue>false</booleanValue>
  </propertyEntry>
  <propertyEntry>
   <entityName>CWD_roman_yaronskyi</entityName>
   <entityId>0</entityId>
   <entityKey>bamboo.user.contact.preference</entityKey>
   <keyType>5</keyType>
   <doubleValue>0.0</doubleValue>
   <stringValue><![CDATA[both]]></stringValue>
   <textValue><![CDATA[]]></textValue>
   <longValue>0</longValue>
   <intValue>0</intValue>
   <booleanValue>false</booleanValue>
  </propertyEntry>
  <propertyEntry>
   <entityName>CWD_roman_yaronskyi</entityName>
   <entityId>0</entityId>
   <entityKey>bamboo.user.contact.transportPreference</entityKey>
   <keyType>5</keyType>
   <doubleValue>0.0</doubleValue>
   <stringValue><![CDATA[multipart]]></stringValue>
   <textValue><![CDATA[]]></textValue>
   <longValue>0</longValue>
   <intValue>0</intValue>
   <booleanValue>false</booleanValue>
  </propertyEntry>
  <propertyEntry>
   <entityName>CWD_roman_yaronskyi</entityName>
   <entityId>0</entityId>
   <entityKey>branchinator.user.properties</entityKey>
   <keyType>5</keyType>
   <doubleValue>0.0</doubleValue>
   <stringValue><![CDATA[{"plan.page.navigation.discovery.dialog.displayed":"true"}]]></stringValue>
   <textValue><![CDATA[]]></textValue>
   <longValue>0</longValue>
   <intValue>0</intValue>
   <booleanValue>false</booleanValue>
  </propertyEntry>
  <propertyEntry>
   <entityName>CWD_andrey_stolyarov</entityName>
   <entityId>0</entityId>
   <entityKey>bamboo.user.contact.jabber</entityKey>
   <keyType>5</keyType>
   <doubleValue>0.0</doubleValue>
   <stringValue><![CDATA[]]></stringValue>
   <textValue><![CDATA[]]></textValue>
   <longValue>0</longValue>
   <intValue>0</intValue>
   <booleanValue>false</booleanValue>
  </propertyEntry>
  <propertyEntry>
   <entityName>CWD_andrey_stolyarov</entityName>
   <entityId>0</entityId>
   <entityKey>bamboo.user.contact.preference</entityKey>
   <keyType>5</keyType>
   <doubleValue>0.0</doubleValue>
   <stringValue><![CDATA[both]]></stringValue>
   <textValue><![CDATA[]]></textValue>
   <longValue>0</longValue>
   <intValue>0</intValue>
   <booleanValue>false</booleanValue>
  </propertyEntry>
  <propertyEntry>
   <entityName>CWD_andrey_stolyarov</entityName>
   <entityId>0</entityId>
   <entityKey>bamboo.user.contact.transportPreference</entityKey>
   <keyType>5</keyType>
   <doubleValue>0.0</doubleValue>
   <stringValue><![CDATA[multipart]]></stringValue>
   <textValue><![CDATA[]]></textValue>
   <longValue>0</longValue>
   <intValue>0</intValue>
   <booleanValue>false</booleanValue>
  </propertyEntry>
  <propertyEntry>
   <entityName>CWD_andrey_stolyarov</entityName>
   <entityId>0</entityId>
   <entityKey>branchinator.user.properties</entityKey>
   <keyType>5</keyType>
   <doubleValue>0.0</doubleValue>
   <stringValue><![CDATA[{"plan.page.navigation.discovery.dialog.displayed":"true"}]]></stringValue>
   <textValue><![CDATA[]]></textValue>
   <longValue>0</longValue>
   <intValue>0</intValue>
   <booleanValue>false</booleanValue>
  </propertyEntry>
  <propertyEntry>
   <entityName>CWD_dzmitry_maksimau</entityName>
   <entityId>0</entityId>
   <entityKey>bamboo.user.contact.jabber</entityKey>
   <keyType>5</keyType>
   <doubleValue>0.0</doubleValue>
   <stringValue><![CDATA[]]></stringValue>
   <textValue><![CDATA[]]></textValue>
   <longValue>0</longValue>
   <intValue>0</intValue>
   <booleanValue>false</booleanValue>
  </propertyEntry>
  <propertyEntry>
   <entityName>CWD_dzmitry_maksimau</entityName>
   <entityId>0</entityId>
   <entityKey>bamboo.user.contact.preference</entityKey>
   <keyType>5</keyType>
   <doubleValue>0.0</doubleValue>
   <stringValue><![CDATA[both]]></stringValue>
   <textValue><![CDATA[]]></textValue>
   <longValue>0</longValue>
   <intValue>0</intValue>
   <booleanValue>false</booleanValue>
  </propertyEntry>
  <propertyEntry>
   <entityName>CWD_dzmitry_maksimau</entityName>
   <entityId>0</entityId>
   <entityKey>bamboo.user.contact.transportPreference</entityKey>
   <keyType>5</keyType>
   <doubleValue>0.0</doubleValue>
   <stringValue><![CDATA[multipart]]></stringValue>
   <textValue><![CDATA[]]></textValue>
   <longValue>0</longValue>
   <intValue>0</intValue>
   <booleanValue>false</booleanValue>
  </propertyEntry>
  <propertyEntry>
   <entityName>CWD_dzmitry_maksimau</entityName>
   <entityId>0</entityId>
   <entityKey>branchinator.user.properties</entityKey>
   <keyType>5</keyType>
   <doubleValue>0.0</doubleValue>
   <stringValue><![CDATA[{"plan.page.navigation.discovery.dialog.displayed":"true"}]]></stringValue>
   <textValue><![CDATA[]]></textValue>
   <longValue>0</longValue>
   <intValue>0</intValue>
   <booleanValue>false</booleanValue>
  </propertyEntry>
  <propertyEntry>
   <entityName>CWD_artur_nizamutdinov</entityName>
   <entityId>0</entityId>
   <entityKey>bamboo.user.contact.jabber</entityKey>
   <keyType>5</keyType>
   <doubleValue>0.0</doubleValue>
   <stringValue><![CDATA[]]></stringValue>
   <textValue><![CDATA[]]></textValue>
   <longValue>0</longValue>
   <intValue>0</intValue>
   <booleanValue>false</booleanValue>
  </propertyEntry>
  <propertyEntry>
   <entityName>CWD_artur_nizamutdinov</entityName>
   <entityId>0</entityId>
   <entityKey>bamboo.user.contact.preference</entityKey>
   <keyType>5</keyType>
   <doubleValue>0.0</doubleValue>
   <stringValue><![CDATA[both]]></stringValue>
   <textValue><![CDATA[]]></textValue>
   <longValue>0</longValue>
   <intValue>0</intValue>
   <booleanValue>false</booleanValue>
  </propertyEntry>
  <propertyEntry>
   <entityName>CWD_artur_nizamutdinov</entityName>
   <entityId>0</entityId>
   <entityKey>bamboo.user.contact.transportPreference</entityKey>
   <keyType>5</keyType>
   <doubleValue>0.0</doubleValue>
   <stringValue><![CDATA[multipart]]></stringValue>
   <textValue><![CDATA[]]></textValue>
   <longValue>0</longValue>
   <intValue>0</intValue>
   <booleanValue>false</booleanValue>
  </propertyEntry>
  <propertyEntry>
   <entityName>CWD_artur_nizamutdinov</entityName>
   <entityId>0</entityId>
   <entityKey>branchinator.user.properties</entityKey>
   <keyType>5</keyType>
   <doubleValue>0.0</doubleValue>
   <stringValue><![CDATA[{"plan.page.navigation.discovery.dialog.displayed":"true"}]]></stringValue>
   <textValue><![CDATA[]]></textValue>
   <longValue>0</longValue>
   <intValue>0</intValue>
   <booleanValue>false</booleanValue>
  </propertyEntry>
  <propertyEntry>
   <entityName>CWD_raghunandan_beepyata</entityName>
   <entityId>0</entityId>
   <entityKey>bamboo.user.branches.splashscreen.hide</entityKey>
   <keyType>5</keyType>
   <doubleValue>0.0</doubleValue>
   <stringValue><![CDATA[true]]></stringValue>
   <textValue><![CDATA[]]></textValue>
   <longValue>0</longValue>
   <intValue>0</intValue>
   <booleanValue>false</booleanValue>
  </propertyEntry>
  <propertyEntry>
   <entityName>CWD_raghunandan_beepyata</entityName>
   <entityId>0</entityId>
   <entityKey>bamboo.user.contact.jabber</entityKey>
   <keyType>5</keyType>
   <doubleValue>0.0</doubleValue>
   <stringValue><![CDATA[]]></stringValue>
   <textValue><![CDATA[]]></textValue>
   <longValue>0</longValue>
   <intValue>0</intValue>
   <booleanValue>false</booleanValue>
  </propertyEntry>
  <propertyEntry>
   <entityName>CWD_raghunandan_beepyata</entityName>
   <entityId>0</entityId>
   <entityKey>bamboo.user.contact.preference</entityKey>
   <keyType>5</keyType>
   <doubleValue>0.0</doubleValue>
   <stringValue><![CDATA[both]]></stringValue>
   <textValue><![CDATA[]]></textValue>
   <longValue>0</longValue>
   <intValue>0</intValue>
   <booleanValue>false</booleanValue>
  </propertyEntry>
  <propertyEntry>
   <entityName>CWD_raghunandan_beepyata</entityName>
   <entityId>0</entityId>
   <entityKey>bamboo.user.contact.transportPreference</entityKey>
   <keyType>5</keyType>
   <doubleValue>0.0</doubleValue>
   <stringValue><![CDATA[multipart]]></stringValue>
   <textValue><![CDATA[]]></textValue>
   <longValue>0</longValue>
   <intValue>0</intValue>
   <booleanValue>false</booleanValue>
  </propertyEntry>
  <propertyEntry>
   <entityName>CWD_raghunandan_beepyata</entityName>
   <entityId>0</entityId>
   <entityKey>branchinator.user.properties</entityKey>
   <keyType>5</keyType>
   <doubleValue>0.0</doubleValue>
   <stringValue><![CDATA[{"plan.page.navigation.discovery.dialog.displayed":"true"}]]></stringValue>
   <textValue><![CDATA[]]></textValue>
   <longValue>0</longValue>
   <intValue>0</intValue>
   <booleanValue>false</booleanValue>
  </propertyEntry>
  <propertyEntry>
   <entityName>CWD_anton_lashmanov</entityName>
   <entityId>0</entityId>
   <entityKey>bamboo.user.contact.jabber</entityKey>
   <keyType>5</keyType>
   <doubleValue>0.0</doubleValue>
   <stringValue><![CDATA[]]></stringValue>
   <textValue><![CDATA[]]></textValue>
   <longValue>0</longValue>
   <intValue>0</intValue>
   <booleanValue>false</booleanValue>
  </propertyEntry>
  <propertyEntry>
   <entityName>CWD_anton_lashmanov</entityName>
   <entityId>0</entityId>
   <entityKey>bamboo.user.contact.preference</entityKey>
   <keyType>5</keyType>
   <doubleValue>0.0</doubleValue>
   <stringValue><![CDATA[both]]></stringValue>
   <textValue><![CDATA[]]></textValue>
   <longValue>0</longValue>
   <intValue>0</intValue>
   <booleanValue>false</booleanValue>
  </propertyEntry>
  <propertyEntry>
   <entityName>CWD_anton_lashmanov</entityName>
   <entityId>0</entityId>
   <entityKey>bamboo.user.contact.transportPreference</entityKey>
   <keyType>5</keyType>
   <doubleValue>0.0</doubleValue>
   <stringValue><![CDATA[multipart]]></stringValue>
   <textValue><![CDATA[]]></textValue>
   <longValue>0</longValue>
   <intValue>0</intValue>
   <booleanValue>false</booleanValue>
  </propertyEntry>
  <propertyEntry>
   <entityName>CWD_ludmila_golovenkova</entityName>
   <entityId>0</entityId>
   <entityKey>bamboo.user.contact.jabber</entityKey>
   <keyType>5</keyType>
   <doubleValue>0.0</doubleValue>
   <stringValue><![CDATA[]]></stringValue>
   <textValue><![CDATA[]]></textValue>
   <longValue>0</longValue>
   <intValue>0</intValue>
   <booleanValue>false</booleanValue>
  </propertyEntry>
  <propertyEntry>
   <entityName>CWD_ludmila_golovenkova</entityName>
   <entityId>0</entityId>
   <entityKey>bamboo.user.contact.preference</entityKey>
   <keyType>5</keyType>
   <doubleValue>0.0</doubleValue>
   <stringValue><![CDATA[both]]></stringValue>
   <textValue><![CDATA[]]></textValue>
   <longValue>0</longValue>
   <intValue>0</intValue>
   <booleanValue>false</booleanValue>
  </propertyEntry>
  <propertyEntry>
   <entityName>CWD_ludmila_golovenkova</entityName>
   <entityId>0</entityId>
   <entityKey>bamboo.user.contact.transportPreference</entityKey>
   <keyType>5</keyType>
   <doubleValue>0.0</doubleValue>
   <stringValue><![CDATA[multipart]]></stringValue>
   <textValue><![CDATA[]]></textValue>
   <longValue>0</longValue>
   <intValue>0</intValue>
   <booleanValue>false</booleanValue>
  </propertyEntry>
  <propertyEntry>
   <entityName>CWD_siarhei_kharlanau</entityName>
   <entityId>0</entityId>
   <entityKey>bamboo.dashboard.labels</entityKey>
   <keyType>5</keyType>
   <doubleValue>0.0</doubleValue>
   <stringValue><![CDATA[]]></stringValue>
   <textValue><![CDATA[]]></textValue>
   <longValue>0</longValue>
   <intValue>0</intValue>
   <booleanValue>false</booleanValue>
  </propertyEntry>
  <propertyEntry>
   <entityName>CWD_siarhei_kharlanau</entityName>
   <entityId>0</entityId>
   <entityKey>bamboo.dashboard.projects</entityKey>
   <keyType>5</keyType>
   <doubleValue>0.0</doubleValue>
   <stringValue><![CDATA[SAL]]></stringValue>
   <textValue><![CDATA[]]></textValue>
   <longValue>0</longValue>
   <intValue>0</intValue>
   <booleanValue>false</booleanValue>
  </propertyEntry>
  <propertyEntry>
   <entityName>CWD_siarhei_kharlanau</entityName>
   <entityId>0</entityId>
   <entityKey>bamboo.user.contact.jabber</entityKey>
   <keyType>5</keyType>
   <doubleValue>0.0</doubleValue>
   <stringValue><![CDATA[]]></stringValue>
   <textValue><![CDATA[]]></textValue>
   <longValue>0</longValue>
   <intValue>0</intValue>
   <booleanValue>false</booleanValue>
  </propertyEntry>
  <propertyEntry>
   <entityName>CWD_siarhei_kharlanau</entityName>
   <entityId>0</entityId>
   <entityKey>bamboo.user.contact.preference</entityKey>
   <keyType>5</keyType>
   <doubleValue>0.0</doubleValue>
   <stringValue><![CDATA[both]]></stringValue>
   <textValue><![CDATA[]]></textValue>
   <longValue>0</longValue>
   <intValue>0</intValue>
   <booleanValue>false</booleanValue>
  </propertyEntry>
  <propertyEntry>
   <entityName>CWD_siarhei_kharlanau</entityName>
   <entityId>0</entityId>
   <entityKey>bamboo.user.contact.transportPreference</entityKey>
   <keyType>5</keyType>
   <doubleValue>0.0</doubleValue>
   <stringValue><![CDATA[multipart]]></stringValue>
   <textValue><![CDATA[]]></textValue>
   <longValue>0</longValue>
   <intValue>0</intValue>
   <booleanValue>false</booleanValue>
  </propertyEntry>
  <propertyEntry>
   <entityName>CWD_siarhei_kharlanau</entityName>
   <entityId>0</entityId>
   <entityKey>branchinator.user.properties</entityKey>
   <keyType>5</keyType>
   <doubleValue>0.0</doubleValue>
   <stringValue><![CDATA[{"plan.page.navigation.discovery.dialog.displayed":"true"}]]></stringValue>
   <textValue><![CDATA[]]></textValue>
   <longValue>0</longValue>
   <intValue>0</intValue>
   <booleanValue>false</booleanValue>
  </propertyEntry>
  <propertyEntry>
   <entityName>CWD_dmitry_kostyashov</entityName>
   <entityId>0</entityId>
   <entityKey>bamboo.user.contact.jabber</entityKey>
   <keyType>5</keyType>
   <doubleValue>0.0</doubleValue>
   <stringValue><![CDATA[]]></stringValue>
   <textValue><![CDATA[]]></textValue>
   <longValue>0</longValue>
   <intValue>0</intValue>
   <booleanValue>false</booleanValue>
  </propertyEntry>
  <propertyEntry>
   <entityName>CWD_dmitry_kostyashov</entityName>
   <entityId>0</entityId>
   <entityKey>bamboo.user.contact.preference</entityKey>
   <keyType>5</keyType>
   <doubleValue>0.0</doubleValue>
   <stringValue><![CDATA[both]]></stringValue>
   <textValue><![CDATA[]]></textValue>
   <longValue>0</longValue>
   <intValue>0</intValue>
   <booleanValue>false</booleanValue>
  </propertyEntry>
  <propertyEntry>
   <entityName>CWD_dmitry_kostyashov</entityName>
   <entityId>0</entityId>
   <entityKey>bamboo.user.contact.transportPreference</entityKey>
   <keyType>5</keyType>
   <doubleValue>0.0</doubleValue>
   <stringValue><![CDATA[multipart]]></stringValue>
   <textValue><![CDATA[]]></textValue>
   <longValue>0</longValue>
   <intValue>0</intValue>
   <booleanValue>false</booleanValue>
  </propertyEntry>
  <propertyEntry>
   <entityName>CWD_valery_malyavko</entityName>
   <entityId>0</entityId>
   <entityKey>bamboo.user.contact.jabber</entityKey>
   <keyType>5</keyType>
   <doubleValue>0.0</doubleValue>
   <stringValue><![CDATA[]]></stringValue>
   <textValue><![CDATA[]]></textValue>
   <longValue>0</longValue>
   <intValue>0</intValue>
   <booleanValue>false</booleanValue>
  </propertyEntry>
  <propertyEntry>
   <entityName>CWD_valery_malyavko</entityName>
   <entityId>0</entityId>
   <entityKey>bamboo.user.contact.preference</entityKey>
   <keyType>5</keyType>
   <doubleValue>0.0</doubleValue>
   <stringValue><![CDATA[both]]></stringValue>
   <textValue><![CDATA[]]></textValue>
   <longValue>0</longValue>
   <intValue>0</intValue>
   <booleanValue>false</booleanValue>
  </propertyEntry>
  <propertyEntry>
   <entityName>CWD_valery_malyavko</entityName>
   <entityId>0</entityId>
   <entityKey>bamboo.user.contact.transportPreference</entityKey>
   <keyType>5</keyType>
   <doubleValue>0.0</doubleValue>
   <stringValue><![CDATA[multipart]]></stringValue>
   <textValue><![CDATA[]]></textValue>
   <longValue>0</longValue>
   <intValue>0</intValue>
   <booleanValue>false</booleanValue>
  </propertyEntry>
  <propertyEntry>
   <entityName>CWD_valery_malyavko</entityName>
   <entityId>0</entityId>
   <entityKey>branchinator.user.properties</entityKey>
   <keyType>5</keyType>
   <doubleValue>0.0</doubleValue>
   <stringValue><![CDATA[{"plan.page.navigation.discovery.dialog.displayed":"true"}]]></stringValue>
   <textValue><![CDATA[]]></textValue>
   <longValue>0</longValue>
   <intValue>0</intValue>
   <booleanValue>false</booleanValue>
  </propertyEntry>
  <propertyEntry>
   <entityName>CWD_sergei_neginsky</entityName>
   <entityId>0</entityId>
   <entityKey>bamboo.user.contact.jabber</entityKey>
   <keyType>5</keyType>
   <doubleValue>0.0</doubleValue>
   <stringValue><![CDATA[]]></stringValue>
   <textValue><![CDATA[]]></textValue>
   <longValue>0</longValue>
   <intValue>0</intValue>
   <booleanValue>false</booleanValue>
  </propertyEntry>
  <propertyEntry>
   <entityName>CWD_sergei_neginsky</entityName>
   <entityId>0</entityId>
   <entityKey>bamboo.user.contact.preference</entityKey>
   <keyType>5</keyType>
   <doubleValue>0.0</doubleValue>
   <stringValue><![CDATA[both]]></stringValue>
   <textValue><![CDATA[]]></textValue>
   <longValue>0</longValue>
   <intValue>0</intValue>
   <booleanValue>false</booleanValue>
  </propertyEntry>
  <propertyEntry>
   <entityName>CWD_sergei_neginsky</entityName>
   <entityId>0</entityId>
   <entityKey>bamboo.user.contact.transportPreference</entityKey>
   <keyType>5</keyType>
   <doubleValue>0.0</doubleValue>
   <stringValue><![CDATA[multipart]]></stringValue>
   <textValue><![CDATA[]]></textValue>
   <longValue>0</longValue>
   <intValue>0</intValue>
   <booleanValue>false</booleanValue>
  </propertyEntry>
  <propertyEntry>
   <entityName>CWD_sergei_neginsky</entityName>
   <entityId>0</entityId>
   <entityKey>branchinator.user.properties</entityKey>
   <keyType>5</keyType>
   <doubleValue>0.0</doubleValue>
   <stringValue><![CDATA[{"plan.page.navigation.discovery.dialog.displayed":"true"}]]></stringValue>
   <textValue><![CDATA[]]></textValue>
   <longValue>0</longValue>
   <intValue>0</intValue>
   <booleanValue>false</booleanValue>
  </propertyEntry>
  <propertyEntry>
   <entityName>CWD_pavel_mikhnevich</entityName>
   <entityId>0</entityId>
   <entityKey>bamboo.user.contact.jabber</entityKey>
   <keyType>5</keyType>
   <doubleValue>0.0</doubleValue>
   <stringValue><![CDATA[]]></stringValue>
   <textValue><![CDATA[]]></textValue>
   <longValue>0</longValue>
   <intValue>0</intValue>
   <booleanValue>false</booleanValue>
  </propertyEntry>
  <propertyEntry>
   <entityName>CWD_pavel_mikhnevich</entityName>
   <entityId>0</entityId>
   <entityKey>bamboo.user.contact.preference</entityKey>
   <keyType>5</keyType>
   <doubleValue>0.0</doubleValue>
   <stringValue><![CDATA[both]]></stringValue>
   <textValue><![CDATA[]]></textValue>
   <longValue>0</longValue>
   <intValue>0</intValue>
   <booleanValue>false</booleanValue>
  </propertyEntry>
  <propertyEntry>
   <entityName>CWD_pavel_mikhnevich</entityName>
   <entityId>0</entityId>
   <entityKey>bamboo.user.contact.transportPreference</entityKey>
   <keyType>5</keyType>
   <doubleValue>0.0</doubleValue>
   <stringValue><![CDATA[multipart]]></stringValue>
   <textValue><![CDATA[]]></textValue>
   <longValue>0</longValue>
   <intValue>0</intValue>
   <booleanValue>false</booleanValue>
  </propertyEntry>
  <propertyEntry>
   <entityName>CWD_pavel_mikhnevich</entityName>
   <entityId>0</entityId>
   <entityKey>branchinator.user.properties</entityKey>
   <keyType>5</keyType>
   <doubleValue>0.0</doubleValue>
   <stringValue><![CDATA[{"plan.page.navigation.discovery.dialog.displayed":"true"}]]></stringValue>
   <textValue><![CDATA[]]></textValue>
   <longValue>0</longValue>
   <intValue>0</intValue>
   <booleanValue>false</booleanValue>
  </propertyEntry>
  <propertyEntry>
   <entityName>CWD_liubou_aharodnikava</entityName>
   <entityId>0</entityId>
   <entityKey>bamboo.user.contact.jabber</entityKey>
   <keyType>5</keyType>
   <doubleValue>0.0</doubleValue>
   <stringValue><![CDATA[]]></stringValue>
   <textValue><![CDATA[]]></textValue>
   <longValue>0</longValue>
   <intValue>0</intValue>
   <booleanValue>false</booleanValue>
  </propertyEntry>
  <propertyEntry>
   <entityName>CWD_liubou_aharodnikava</entityName>
   <entityId>0</entityId>
   <entityKey>bamboo.user.contact.preference</entityKey>
   <keyType>5</keyType>
   <doubleValue>0.0</doubleValue>
   <stringValue><![CDATA[both]]></stringValue>
   <textValue><![CDATA[]]></textValue>
   <longValue>0</longValue>
   <intValue>0</intValue>
   <booleanValue>false</booleanValue>
  </propertyEntry>
  <propertyEntry>
   <entityName>CWD_liubou_aharodnikava</entityName>
   <entityId>0</entityId>
   <entityKey>bamboo.user.contact.transportPreference</entityKey>
   <keyType>5</keyType>
   <doubleValue>0.0</doubleValue>
   <stringValue><![CDATA[multipart]]></stringValue>
   <textValue><![CDATA[]]></textValue>
   <longValue>0</longValue>
   <intValue>0</intValue>
   <booleanValue>false</booleanValue>
  </propertyEntry>
  <propertyEntry>
   <entityName>CWD_liubou_aharodnikava</entityName>
   <entityId>0</entityId>
   <entityKey>branchinator.user.properties</entityKey>
   <keyType>5</keyType>
   <doubleValue>0.0</doubleValue>
   <stringValue><![CDATA[{"plan.page.navigation.discovery.dialog.displayed":"true"}]]></stringValue>
   <textValue><![CDATA[]]></textValue>
   <longValue>0</longValue>
   <intValue>0</intValue>
   <booleanValue>false</booleanValue>
  </propertyEntry>
  <propertyEntry>
   <entityName>CWD_andrei_rytik</entityName>
   <entityId>0</entityId>
   <entityKey>bamboo.user.contact.jabber</entityKey>
   <keyType>5</keyType>
   <doubleValue>0.0</doubleValue>
   <stringValue><![CDATA[]]></stringValue>
   <textValue><![CDATA[]]></textValue>
   <longValue>0</longValue>
   <intValue>0</intValue>
   <booleanValue>false</booleanValue>
  </propertyEntry>
  <propertyEntry>
   <entityName>CWD_andrei_rytik</entityName>
   <entityId>0</entityId>
   <entityKey>bamboo.user.contact.preference</entityKey>
   <keyType>5</keyType>
   <doubleValue>0.0</doubleValue>
   <stringValue><![CDATA[both]]></stringValue>
   <textValue><![CDATA[]]></textValue>
   <longValue>0</longValue>
   <intValue>0</intValue>
   <booleanValue>false</booleanValue>
  </propertyEntry>
  <propertyEntry>
   <entityName>CWD_andrei_rytik</entityName>
   <entityId>0</entityId>
   <entityKey>bamboo.user.contact.transportPreference</entityKey>
   <keyType>5</keyType>
   <doubleValue>0.0</doubleValue>
   <stringValue><![CDATA[multipart]]></stringValue>
   <textValue><![CDATA[]]></textValue>
   <longValue>0</longValue>
   <intValue>0</intValue>
   <booleanValue>false</booleanValue>
  </propertyEntry>
  <propertyEntry>
   <entityName>CWD_andrei_rytik</entityName>
   <entityId>0</entityId>
   <entityKey>branchinator.user.properties</entityKey>
   <keyType>5</keyType>
   <doubleValue>0.0</doubleValue>
   <stringValue><![CDATA[{"plan.page.navigation.discovery.dialog.displayed":"true"}]]></stringValue>
   <textValue><![CDATA[]]></textValue>
   <longValue>0</longValue>
   <intValue>0</intValue>
   <booleanValue>false</booleanValue>
  </propertyEntry>
  <propertyEntry>
   <entityName>CWD_aliaksandr_lembiyeuski</entityName>
   <entityId>0</entityId>
   <entityKey>bamboo.user.contact.jabber</entityKey>
   <keyType>5</keyType>
   <doubleValue>0.0</doubleValue>
   <stringValue><![CDATA[]]></stringValue>
   <textValue><![CDATA[]]></textValue>
   <longValue>0</longValue>
   <intValue>0</intValue>
   <booleanValue>false</booleanValue>
  </propertyEntry>
  <propertyEntry>
   <entityName>CWD_aliaksandr_lembiyeuski</entityName>
   <entityId>0</entityId>
   <entityKey>bamboo.user.contact.preference</entityKey>
   <keyType>5</keyType>
   <doubleValue>0.0</doubleValue>
   <stringValue><![CDATA[both]]></stringValue>
   <textValue><![CDATA[]]></textValue>
   <longValue>0</longValue>
   <intValue>0</intValue>
   <booleanValue>false</booleanValue>
  </propertyEntry>
  <propertyEntry>
   <entityName>CWD_aliaksandr_lembiyeuski</entityName>
   <entityId>0</entityId>
   <entityKey>bamboo.user.contact.transportPreference</entityKey>
   <keyType>5</keyType>
   <doubleValue>0.0</doubleValue>
   <stringValue><![CDATA[multipart]]></stringValue>
   <textValue><![CDATA[]]></textValue>
   <longValue>0</longValue>
   <intValue>0</intValue>
   <booleanValue>false</booleanValue>
  </propertyEntry>
  <propertyEntry>
   <entityName>CWD_aliaksandr_lembiyeuski</entityName>
   <entityId>0</entityId>
   <entityKey>branchinator.user.properties</entityKey>
   <keyType>5</keyType>
   <doubleValue>0.0</doubleValue>
   <stringValue><![CDATA[{"plan.page.navigation.discovery.dialog.displayed":"true"}]]></stringValue>
   <textValue><![CDATA[]]></textValue>
   <longValue>0</longValue>
   <intValue>0</intValue>
   <booleanValue>false</booleanValue>
  </propertyEntry>
  <propertyEntry>
   <entityName>CWD_stsiapan_tsybulski</entityName>
   <entityId>0</entityId>
   <entityKey>bamboo.user.contact.jabber</entityKey>
   <keyType>5</keyType>
   <doubleValue>0.0</doubleValue>
   <stringValue><![CDATA[]]></stringValue>
   <textValue><![CDATA[]]></textValue>
   <longValue>0</longValue>
   <intValue>0</intValue>
   <booleanValue>false</booleanValue>
  </propertyEntry>
  <propertyEntry>
   <entityName>CWD_stsiapan_tsybulski</entityName>
   <entityId>0</entityId>
   <entityKey>bamboo.user.contact.preference</entityKey>
   <keyType>5</keyType>
   <doubleValue>0.0</doubleValue>
   <stringValue><![CDATA[both]]></stringValue>
   <textValue><![CDATA[]]></textValue>
   <longValue>0</longValue>
   <intValue>0</intValue>
   <booleanValue>false</booleanValue>
  </propertyEntry>
  <propertyEntry>
   <entityName>CWD_stsiapan_tsybulski</entityName>
   <entityId>0</entityId>
   <entityKey>bamboo.user.contact.transportPreference</entityKey>
   <keyType>5</keyType>
   <doubleValue>0.0</doubleValue>
   <stringValue><![CDATA[multipart]]></stringValue>
   <textValue><![CDATA[]]></textValue>
   <longValue>0</longValue>
   <intValue>0</intValue>
   <booleanValue>false</booleanValue>
  </propertyEntry>
  <propertyEntry>
   <entityName>CWD_stsiapan_tsybulski</entityName>
   <entityId>0</entityId>
   <entityKey>branchinator.user.properties</entityKey>
   <keyType>5</keyType>
   <doubleValue>0.0</doubleValue>
   <stringValue><![CDATA[{"plan.page.navigation.discovery.dialog.displayed":"true"}]]></stringValue>
   <textValue><![CDATA[]]></textValue>
   <longValue>0</longValue>
   <intValue>0</intValue>
   <booleanValue>false</booleanValue>
  </propertyEntry>
  <propertyEntry>
   <entityName>CWD_anna_anokhina1</entityName>
   <entityId>0</entityId>
   <entityKey>bamboo.user.contact.jabber</entityKey>
   <keyType>5</keyType>
   <doubleValue>0.0</doubleValue>
   <stringValue><![CDATA[]]></stringValue>
   <textValue><![CDATA[]]></textValue>
   <longValue>0</longValue>
   <intValue>0</intValue>
   <booleanValue>false</booleanValue>
  </propertyEntry>
  <propertyEntry>
   <entityName>CWD_anna_anokhina1</entityName>
   <entityId>0</entityId>
   <entityKey>bamboo.user.contact.preference</entityKey>
   <keyType>5</keyType>
   <doubleValue>0.0</doubleValue>
   <stringValue><![CDATA[both]]></stringValue>
   <textValue><![CDATA[]]></textValue>
   <longValue>0</longValue>
   <intValue>0</intValue>
   <booleanValue>false</booleanValue>
  </propertyEntry>
  <propertyEntry>
   <entityName>CWD_anna_anokhina1</entityName>
   <entityId>0</entityId>
   <entityKey>bamboo.user.contact.transportPreference</entityKey>
   <keyType>5</keyType>
   <doubleValue>0.0</doubleValue>
   <stringValue><![CDATA[multipart]]></stringValue>
   <textValue><![CDATA[]]></textValue>
   <longValue>0</longValue>
   <intValue>0</intValue>
   <booleanValue>false</booleanValue>
  </propertyEntry>
  <propertyEntry>
   <entityName>CWD_anna_anokhina1</entityName>
   <entityId>0</entityId>
   <entityKey>branchinator.user.properties</entityKey>
   <keyType>5</keyType>
   <doubleValue>0.0</doubleValue>
   <stringValue><![CDATA[{"plan.page.navigation.discovery.dialog.displayed":"true"}]]></stringValue>
   <textValue><![CDATA[]]></textValue>
   <longValue>0</longValue>
   <intValue>0</intValue>
   <booleanValue>false</booleanValue>
  </propertyEntry>
  <propertyEntry>
   <entityName>CWD_vasili_kalanchuk</entityName>
   <entityId>0</entityId>
   <entityKey>bamboo.user.contact.jabber</entityKey>
   <keyType>5</keyType>
   <doubleValue>0.0</doubleValue>
   <stringValue><![CDATA[]]></stringValue>
   <textValue><![CDATA[]]></textValue>
   <longValue>0</longValue>
   <intValue>0</intValue>
   <booleanValue>false</booleanValue>
  </propertyEntry>
  <propertyEntry>
   <entityName>CWD_vasili_kalanchuk</entityName>
   <entityId>0</entityId>
   <entityKey>bamboo.user.contact.preference</entityKey>
   <keyType>5</keyType>
   <doubleValue>0.0</doubleValue>
   <stringValue><![CDATA[both]]></stringValue>
   <textValue><![CDATA[]]></textValue>
   <longValue>0</longValue>
   <intValue>0</intValue>
   <booleanValue>false</booleanValue>
  </propertyEntry>
  <propertyEntry>
   <entityName>CWD_vasili_kalanchuk</entityName>
   <entityId>0</entityId>
   <entityKey>bamboo.user.contact.transportPreference</entityKey>
   <keyType>5</keyType>
   <doubleValue>0.0</doubleValue>
   <stringValue><![CDATA[multipart]]></stringValue>
   <textValue><![CDATA[]]></textValue>
   <longValue>0</longValue>
   <intValue>0</intValue>
   <booleanValue>false</booleanValue>
  </propertyEntry>
  <propertyEntry>
   <entityName>CWD_vasili_kalanchuk</entityName>
   <entityId>0</entityId>
   <entityKey>branchinator.user.properties</entityKey>
   <keyType>5</keyType>
   <doubleValue>0.0</doubleValue>
   <stringValue><![CDATA[{"plan.page.navigation.discovery.dialog.displayed":"true"}]]></stringValue>
   <textValue><![CDATA[]]></textValue>
   <longValue>0</longValue>
   <intValue>0</intValue>
   <booleanValue>false</booleanValue>
  </propertyEntry>
  <propertyEntry>
   <entityName>CWD_siarhei_pryshchepa</entityName>
   <entityId>0</entityId>
   <entityKey>bamboo.user.contact.jabber</entityKey>
   <keyType>5</keyType>
   <doubleValue>0.0</doubleValue>
   <stringValue><![CDATA[]]></stringValue>
   <textValue><![CDATA[]]></textValue>
   <longValue>0</longValue>
   <intValue>0</intValue>
   <booleanValue>false</booleanValue>
  </propertyEntry>
  <propertyEntry>
   <entityName>CWD_siarhei_pryshchepa</entityName>
   <entityId>0</entityId>
   <entityKey>bamboo.user.contact.preference</entityKey>
   <keyType>5</keyType>
   <doubleValue>0.0</doubleValue>
   <stringValue><![CDATA[both]]></stringValue>
   <textValue><![CDATA[]]></textValue>
   <longValue>0</longValue>
   <intValue>0</intValue>
   <booleanValue>false</booleanValue>
  </propertyEntry>
  <propertyEntry>
   <entityName>CWD_siarhei_pryshchepa</entityName>
   <entityId>0</entityId>
   <entityKey>bamboo.user.contact.transportPreference</entityKey>
   <keyType>5</keyType>
   <doubleValue>0.0</doubleValue>
   <stringValue><![CDATA[multipart]]></stringValue>
   <textValue><![CDATA[]]></textValue>
   <longValue>0</longValue>
   <intValue>0</intValue>
   <booleanValue>false</booleanValue>
  </propertyEntry>
  <propertyEntry>
   <entityName>CWD_siarhei_pryshchepa</entityName>
   <entityId>0</entityId>
   <entityKey>branchinator.user.properties</entityKey>
   <keyType>5</keyType>
   <doubleValue>0.0</doubleValue>
   <stringValue><![CDATA[{"plan.page.navigation.discovery.dialog.displayed":"true"}]]></stringValue>
   <textValue><![CDATA[]]></textValue>
   <longValue>0</longValue>
   <intValue>0</intValue>
   <booleanValue>false</booleanValue>
  </propertyEntry>
  <propertyEntry>
   <entityName>CWD_dmitrii_turlychkin</entityName>
   <entityId>0</entityId>
   <entityKey>bamboo.user.branches.splashscreen.hide</entityKey>
   <keyType>5</keyType>
   <doubleValue>0.0</doubleValue>
   <stringValue><![CDATA[true]]></stringValue>
   <textValue><![CDATA[]]></textValue>
   <longValue>0</longValue>
   <intValue>0</intValue>
   <booleanValue>false</booleanValue>
  </propertyEntry>
  <propertyEntry>
   <entityName>CWD_dmitrii_turlychkin</entityName>
   <entityId>0</entityId>
   <entityKey>bamboo.user.contact.jabber</entityKey>
   <keyType>5</keyType>
   <doubleValue>0.0</doubleValue>
   <stringValue><![CDATA[]]></stringValue>
   <textValue><![CDATA[]]></textValue>
   <longValue>0</longValue>
   <intValue>0</intValue>
   <booleanValue>false</booleanValue>
  </propertyEntry>
  <propertyEntry>
   <entityName>CWD_dmitrii_turlychkin</entityName>
   <entityId>0</entityId>
   <entityKey>bamboo.user.contact.preference</entityKey>
   <keyType>5</keyType>
   <doubleValue>0.0</doubleValue>
   <stringValue><![CDATA[both]]></stringValue>
   <textValue><![CDATA[]]></textValue>
   <longValue>0</longValue>
   <intValue>0</intValue>
   <booleanValue>false</booleanValue>
  </propertyEntry>
  <propertyEntry>
   <entityName>CWD_dmitrii_turlychkin</entityName>
   <entityId>0</entityId>
   <entityKey>bamboo.user.contact.transportPreference</entityKey>
   <keyType>5</keyType>
   <doubleValue>0.0</doubleValue>
   <stringValue><![CDATA[multipart]]></stringValue>
   <textValue><![CDATA[]]></textValue>
   <longValue>0</longValue>
   <intValue>0</intValue>
   <booleanValue>false</booleanValue>
  </propertyEntry>
  <propertyEntry>
   <entityName>CWD_dmitrii_turlychkin</entityName>
   <entityId>0</entityId>
   <entityKey>branchinator.user.properties</entityKey>
   <keyType>5</keyType>
   <doubleValue>0.0</doubleValue>
   <stringValue><![CDATA[{"plan.page.navigation.discovery.dialog.displayed":"true"}]]></stringValue>
   <textValue><![CDATA[]]></textValue>
   <longValue>0</longValue>
   <intValue>0</intValue>
   <booleanValue>false</booleanValue>
  </propertyEntry>
  <propertyEntry>
   <entityName>CWD_aliaksei_lazarouski</entityName>
   <entityId>0</entityId>
   <entityKey>bamboo.user.contact.jabber</entityKey>
   <keyType>5</keyType>
   <doubleValue>0.0</doubleValue>
   <stringValue><![CDATA[]]></stringValue>
   <textValue><![CDATA[]]></textValue>
   <longValue>0</longValue>
   <intValue>0</intValue>
   <booleanValue>false</booleanValue>
  </propertyEntry>
  <propertyEntry>
   <entityName>CWD_aliaksei_lazarouski</entityName>
   <entityId>0</entityId>
   <entityKey>bamboo.user.contact.preference</entityKey>
   <keyType>5</keyType>
   <doubleValue>0.0</doubleValue>
   <stringValue><![CDATA[both]]></stringValue>
   <textValue><![CDATA[]]></textValue>
   <longValue>0</longValue>
   <intValue>0</intValue>
   <booleanValue>false</booleanValue>
  </propertyEntry>
  <propertyEntry>
   <entityName>CWD_aliaksei_lazarouski</entityName>
   <entityId>0</entityId>
   <entityKey>bamboo.user.contact.transportPreference</entityKey>
   <keyType>5</keyType>
   <doubleValue>0.0</doubleValue>
   <stringValue><![CDATA[multipart]]></stringValue>
   <textValue><![CDATA[]]></textValue>
   <longValue>0</longValue>
   <intValue>0</intValue>
   <booleanValue>false</booleanValue>
  </propertyEntry>
  <propertyEntry>
   <entityName>CWD_bekir_bekirov</entityName>
   <entityId>0</entityId>
   <entityKey>bamboo.user.contact.jabber</entityKey>
   <keyType>5</keyType>
   <doubleValue>0.0</doubleValue>
   <stringValue><![CDATA[]]></stringValue>
   <textValue><![CDATA[]]></textValue>
   <longValue>0</longValue>
   <intValue>0</intValue>
   <booleanValue>false</booleanValue>
  </propertyEntry>
  <propertyEntry>
   <entityName>CWD_bekir_bekirov</entityName>
   <entityId>0</entityId>
   <entityKey>bamboo.user.contact.preference</entityKey>
   <keyType>5</keyType>
   <doubleValue>0.0</doubleValue>
   <stringValue><![CDATA[both]]></stringValue>
   <textValue><![CDATA[]]></textValue>
   <longValue>0</longValue>
   <intValue>0</intValue>
   <booleanValue>false</booleanValue>
  </propertyEntry>
  <propertyEntry>
   <entityName>CWD_bekir_bekirov</entityName>
   <entityId>0</entityId>
   <entityKey>bamboo.user.contact.transportPreference</entityKey>
   <keyType>5</keyType>
   <doubleValue>0.0</doubleValue>
   <stringValue><![CDATA[multipart]]></stringValue>
   <textValue><![CDATA[]]></textValue>
   <longValue>0</longValue>
   <intValue>0</intValue>
   <booleanValue>false</booleanValue>
  </propertyEntry>
  <propertyEntry>
   <entityName>CWD_anhelina_maretskaya</entityName>
   <entityId>0</entityId>
   <entityKey>bamboo.user.contact.jabber</entityKey>
   <keyType>5</keyType>
   <doubleValue>0.0</doubleValue>
   <stringValue><![CDATA[]]></stringValue>
   <textValue><![CDATA[]]></textValue>
   <longValue>0</longValue>
   <intValue>0</intValue>
   <booleanValue>false</booleanValue>
  </propertyEntry>
  <propertyEntry>
   <entityName>CWD_anhelina_maretskaya</entityName>
   <entityId>0</entityId>
   <entityKey>bamboo.user.contact.preference</entityKey>
   <keyType>5</keyType>
   <doubleValue>0.0</doubleValue>
   <stringValue><![CDATA[both]]></stringValue>
   <textValue><![CDATA[]]></textValue>
   <longValue>0</longValue>
   <intValue>0</intValue>
   <booleanValue>false</booleanValue>
  </propertyEntry>
  <propertyEntry>
   <entityName>CWD_anhelina_maretskaya</entityName>
   <entityId>0</entityId>
   <entityKey>bamboo.user.contact.transportPreference</entityKey>
   <keyType>5</keyType>
   <doubleValue>0.0</doubleValue>
   <stringValue><![CDATA[multipart]]></stringValue>
   <textValue><![CDATA[]]></textValue>
   <longValue>0</longValue>
   <intValue>0</intValue>
   <booleanValue>false</booleanValue>
  </propertyEntry>
  <propertyEntry>
   <entityName>CWD_anhelina_maretskaya</entityName>
   <entityId>0</entityId>
   <entityKey>branchinator.user.properties</entityKey>
   <keyType>5</keyType>
   <doubleValue>0.0</doubleValue>
   <stringValue><![CDATA[{"plan.page.navigation.discovery.dialog.displayed":"true"}]]></stringValue>
   <textValue><![CDATA[]]></textValue>
   <longValue>0</longValue>
   <intValue>0</intValue>
   <booleanValue>false</booleanValue>
  </propertyEntry>
  <propertyEntry>
   <entityName>CWD_anton_novikov</entityName>
   <entityId>0</entityId>
   <entityKey>bamboo.user.contact.jabber</entityKey>
   <keyType>5</keyType>
   <doubleValue>0.0</doubleValue>
   <stringValue><![CDATA[]]></stringValue>
   <textValue><![CDATA[]]></textValue>
   <longValue>0</longValue>
   <intValue>0</intValue>
   <booleanValue>false</booleanValue>
  </propertyEntry>
  <propertyEntry>
   <entityName>CWD_anton_novikov</entityName>
   <entityId>0</entityId>
   <entityKey>bamboo.user.contact.preference</entityKey>
   <keyType>5</keyType>
   <doubleValue>0.0</doubleValue>
   <stringValue><![CDATA[both]]></stringValue>
   <textValue><![CDATA[]]></textValue>
   <longValue>0</longValue>
   <intValue>0</intValue>
   <booleanValue>false</booleanValue>
  </propertyEntry>
  <propertyEntry>
   <entityName>CWD_anton_novikov</entityName>
   <entityId>0</entityId>
   <entityKey>bamboo.user.contact.transportPreference</entityKey>
   <keyType>5</keyType>
   <doubleValue>0.0</doubleValue>
   <stringValue><![CDATA[multipart]]></stringValue>
   <textValue><![CDATA[]]></textValue>
   <longValue>0</longValue>
   <intValue>0</intValue>
   <booleanValue>false</booleanValue>
  </propertyEntry>
  <propertyEntry>
   <entityName>CWD_anton_novikov</entityName>
   <entityId>0</entityId>
   <entityKey>branchinator.user.properties</entityKey>
   <keyType>5</keyType>
   <doubleValue>0.0</doubleValue>
   <stringValue><![CDATA[{"plan.page.navigation.discovery.dialog.displayed":"true"}]]></stringValue>
   <textValue><![CDATA[]]></textValue>
   <longValue>0</longValue>
   <intValue>0</intValue>
   <booleanValue>false</booleanValue>
  </propertyEntry>
  <propertyEntry>
   <entityName>CWD_kanstantsin_rybin</entityName>
   <entityId>0</entityId>
   <entityKey>bamboo.user.actions.addJob</entityKey>
   <keyType>5</keyType>
   <doubleValue>0.0</doubleValue>
   <stringValue><![CDATA[true]]></stringValue>
   <textValue><![CDATA[]]></textValue>
   <longValue>0</longValue>
   <intValue>0</intValue>
   <booleanValue>false</booleanValue>
  </propertyEntry>
  <propertyEntry>
   <entityName>CWD_kanstantsin_rybin</entityName>
   <entityId>0</entityId>
   <entityKey>bamboo.user.contact.jabber</entityKey>
   <keyType>5</keyType>
   <doubleValue>0.0</doubleValue>
   <stringValue><![CDATA[]]></stringValue>
   <textValue><![CDATA[]]></textValue>
   <longValue>0</longValue>
   <intValue>0</intValue>
   <booleanValue>false</booleanValue>
  </propertyEntry>
  <propertyEntry>
   <entityName>CWD_kanstantsin_rybin</entityName>
   <entityId>0</entityId>
   <entityKey>bamboo.user.contact.preference</entityKey>
   <keyType>5</keyType>
   <doubleValue>0.0</doubleValue>
   <stringValue><![CDATA[both]]></stringValue>
   <textValue><![CDATA[]]></textValue>
   <longValue>0</longValue>
   <intValue>0</intValue>
   <booleanValue>false</booleanValue>
  </propertyEntry>
  <propertyEntry>
   <entityName>CWD_kanstantsin_rybin</entityName>
   <entityId>0</entityId>
   <entityKey>bamboo.user.contact.transportPreference</entityKey>
   <keyType>5</keyType>
   <doubleValue>0.0</doubleValue>
   <stringValue><![CDATA[multipart]]></stringValue>
   <textValue><![CDATA[]]></textValue>
   <longValue>0</longValue>
   <intValue>0</intValue>
   <booleanValue>false</booleanValue>
  </propertyEntry>
  <propertyEntry>
   <entityName>CWD_kanstantsin_rybin</entityName>
   <entityId>0</entityId>
   <entityKey>branchinator.user.properties</entityKey>
   <keyType>5</keyType>
   <doubleValue>0.0</doubleValue>
   <stringValue><![CDATA[{"plan.page.navigation.discovery.dialog.displayed":"true"}]]></stringValue>
   <textValue><![CDATA[]]></textValue>
   <longValue>0</longValue>
   <intValue>0</intValue>
   <booleanValue>false</booleanValue>
  </propertyEntry>
  <propertyEntry>
   <entityName>CWD_pavel_hrynchanka</entityName>
   <entityId>0</entityId>
   <entityKey>bamboo.user.contact.jabber</entityKey>
   <keyType>5</keyType>
   <doubleValue>0.0</doubleValue>
   <stringValue><![CDATA[]]></stringValue>
   <textValue><![CDATA[]]></textValue>
   <longValue>0</longValue>
   <intValue>0</intValue>
   <booleanValue>false</booleanValue>
  </propertyEntry>
  <propertyEntry>
   <entityName>CWD_pavel_hrynchanka</entityName>
   <entityId>0</entityId>
   <entityKey>bamboo.user.contact.preference</entityKey>
   <keyType>5</keyType>
   <doubleValue>0.0</doubleValue>
   <stringValue><![CDATA[both]]></stringValue>
   <textValue><![CDATA[]]></textValue>
   <longValue>0</longValue>
   <intValue>0</intValue>
   <booleanValue>false</booleanValue>
  </propertyEntry>
  <propertyEntry>
   <entityName>CWD_pavel_hrynchanka</entityName>
   <entityId>0</entityId>
   <entityKey>bamboo.user.contact.transportPreference</entityKey>
   <keyType>5</keyType>
   <doubleValue>0.0</doubleValue>
   <stringValue><![CDATA[multipart]]></stringValue>
   <textValue><![CDATA[]]></textValue>
   <longValue>0</longValue>
   <intValue>0</intValue>
   <booleanValue>false</booleanValue>
  </propertyEntry>
  <propertyEntry>
   <entityName>CWD_pavel_hrynchanka</entityName>
   <entityId>0</entityId>
   <entityKey>branchinator.user.properties</entityKey>
   <keyType>5</keyType>
   <doubleValue>0.0</doubleValue>
   <stringValue><![CDATA[{"plan.page.navigation.discovery.dialog.displayed":"true"}]]></stringValue>
   <textValue><![CDATA[]]></textValue>
   <longValue>0</longValue>
   <intValue>0</intValue>
   <booleanValue>false</booleanValue>
  </propertyEntry>
 </propertyEntries>
</bamboo>