<?xml version='1.1' encoding='UTF-8' standalone='yes'?>
<bamboo>
 <date>Wed Nov 07 12:33:05 MSK 2018</date>
 <version>6.6.2</version>
 <buildDate>14-Aug-2018</buildDate>
 <build>60606</build>
 <serverID>BIJ0-DZ8E-QJRU-JRPJ</serverID>
 <sharedCapabilities>
  <local>
   <capability key="system.jdk.Oracle JDK" value="/usr/java/jdk1.8.0_181-amd64/jre"/>
   <capability key="system.docker.executable" value="/usr/bin/docker"/>
   <capability key="system.builder.ant.Ant 1.9.11" value="/var/atlassian/bamboo/ant/"/>
   <capability key="system.builder.mvn3.maven 3.5.0" value="/opt/maven/apache-maven-3.5.0/"/>
   <capability key="system.hg.executable" value="/usr/bin/hg"/>
   <capability key="system.builder.node.Node.js" value="/usr/bin/nodejs"/>
   <capability key="system.builder.ant.Ant" value="/usr/share/ant"/>
   <capability key="system.git.executable" value="/usr/bin/git"/>
   <capability key="system.jdk.JDK 1.8.0_131" value="/usr/lib/jvm/java-8-openjdk-amd64"/>
   <capability key="system.builder.ant.Ant 1.9.6" value="/usr/local/apache-ant-1.9.6"/>
   <capability key="system.builder.mvn3.Maven 3" value="/usr/share/maven"/>
   <capability key="system.jdk.JDK" value="/usr/lib/jvm/java-8-openjdk-amd64"/>
   <capability key="system.jdk.JDK 1.8" value="/usr/lib/jvm/java-8-openjdk-amd64"/>
  </local>
  <remote>
   <capability key="system.jdk.JDK 1.8 win64" value="C:\Program Files\Java\jdk1.8.0_144\bin"/>
  </remote>
 </sharedCapabilities>
</bamboo>